ALGDGTNTGKLT,mTRAV6-7/DV9,mTRAJ27,174424
AVGSNTGYQNFY,mTRAV9D-4,mTRAJ49,106947
VLGDRSNNRIF,mTRAV6-1,mTRAJ31,55618
ALRMDSNYQLI,mTRAV6D-5,mTRAJ33,50562
AVSNNNNAPR,mTRAV9D-1,mTRAJ43,33095
AVSLSNTNKVV,mTRAV3D-3,mTRAJ34,28961
AVGGSSGNKLI,mTRAV7-6,mTRAJ32,19689
ALGEREISGSWQLI,mTRAV6-7/DV9,mTRAJ22,16097
ALINTGKLT,mTRAV6D-5,mTRAJ27,14355
AAGNNNNAPR,mTRAV4D-4,mTRAJ43,13087
ATDAHYNNAPR,mTRAV8D-1,mTRAJ43,9934
AMGYNVLY,mTRAV13D-3,mTRAJ21,8730
AVRKVGADRLT,mTRAV9D-4,mTRAJ45,8517
APEDSGTYQR,mTRAV7D-4,mTRAJ13,8189
AVGTNTGYQNFY,mTRAV9D-4,mTRAJ49,7997
ALGMNYNQGKLI,mTRAV6D-5,mTRAJ23,7639
AARSSNTNKVV,mTRAV7-3,mTRAJ34,7481
AAEARVPGNTGKLI,mTRAV4D-4,mTRAJ37,7130
ALSARWGYKLT,mTRAV6D-5,mTRAJ9,6832
ALRSYGSSGNKLI,mTRAV9D-3,mTRAJ32,6593
VVGYGSSGNKLI,mTRAV11,mTRAJ32,6380
ALGDGTNTGKLT,mTRAV6D-5,mTRAJ27,5867
AVTPYGSSGNKLI,mTRAV7-6,mTRAJ32,4758
AVSASTGNYKYV,mTRAV9D-4,mTRAJ40,4630
GGGFSGGNYKPT,mTRAV12-1,mTRAJ6,4427
VLREQGSSGNKLI,mTRAV9D-4,mTRAJ32,4004
ALSPYGANTGKLT,mTRAV9D-3,mTRAJ52,3708
ALNLPGTGSNRLT,mTRAV12D-2,mTRAJ28,3316
ATNAQGLT,mTRAV8D-1,mTRAJ26,3024
AVRRRPTNTNKVV,mTRAV9D-4,mTRAJ34,2970
AVGGSSGNKLI,mTRAV7D-6,mTRAJ32,2936
ALSLSNGNYKYV,mTRAV9D-3,mTRAJ40,2914
AAVASSGSWQLI,mTRAV4D-4,mTRAJ22,2818
ATFTSGGNYKPT,mTRAV8D-2,mTRAJ6,2667
ATDETNTNKVV,mTRAV8D-2,mTRAJ34,2568
AVRVQTNAYKVI,mTRAV9D-4,mTRAJ30,2326
AVRGFGTGNYKYV,mTRAV9D-4,mTRAJ40,2292
AAGDLPGTGSNRLT,mTRAV4D-4,mTRAJ28,2235
AASRSSGSWQLI,mTRAV7D-2,mTRAJ22,2213
AVSERGNTGKLT,mTRAV9D-4,mTRAJ27,2202
AVTATGGNNKLT,mTRAV7-6,mTRAJ56,2065
AAEARNPGNTGKLI,mTRAV4D-4,mTRAJ37,2051
ATDRDYQLI,mTRAV8-2,mTRAJ33,2006
ALRNNNNAPR,mTRAV6D-5,mTRAJ43,1869
ALRGISSNTNKVV,mTRAV6D-5,mTRAJ34,1869
AVRAYKVI,mTRAV9D-4,mTRAJ30,1851
ALINTGKLT,mTRAV6-7/DV9,mTRAJ27,1800
ALPRYNNAPR,mTRAV6D-5,mTRAJ43,1759
ALSDRGTGNYKYV,mTRAV6-7/DV9,mTRAJ40,1749
ALSPPSSNYQLI,mTRAV9D-3,mTRAJ33,1733
ALRSNAPR,mTRAV13D-1,mTRAJ43,1732
AVSVPGNTGKLI,mTRAV9D-4,mTRAJ37,1571
ALAGTNAYKVI,mTRAV6D-5,mTRAJ30,1505
AVSAHNNNAPR,mTRAV9D-4,mTRAJ43,1478
AYEKIT,mTRAV9D-4,mTRAJ48,1368
APPRGSSGNKLI,mTRAV8D-1,mTRAJ32,1299
ALSPYGANTGKLT,mTRAV9D-3,mTRAJ27,1297
AVRIQTNAYKVI,mTRAV9D-4,mTRAJ30,1269
AAEAKSPGNTGKLI,mTRAV4D-4,mTRAJ37,1263
AASRENNRIF,mTRAV14-3,mTRAJ31,1177
AVSEKNAYKVI,mTRAV9D-4,mTRAJ30,1173
ALSAHINAYKVI,mTRAV12D-2,mTRAJ30,1143
AENAGGYKVV,mTRAV13-2,mTRAJ12,1138
ALRARGYAQGLT,mTRAV12D-3,mTRAJ26,1092
ALSDRKRGKLI,mTRAV6-7/DV9,mTRAJ37,1086
ALGSNTNTGKLT,mTRAV6-7/DV9,mTRAJ27,1080
AAEAMNPGNTGKLI,mTRAV4D-4,mTRAJ37,1055
AAPPTNSAGNKLT,mTRAV14-2,mTRAJ17,1053
AVPPLASSSFSKLV,mTRAV9D-4,mTRAJ50,902
AVSAGAGNYKYV,mTRAV9D-4,mTRAJ40,885
AVSAPGNTGKLI,mTRAV9D-4,mTRAJ37,872
AMTTASLGKLQ,mTRAV8D-1,mTRAJ24,835
AASAGNNRIF,mTRAV14D-3/DV8,mTRAJ31,797
ALSRAPGSSGNKLI,mTRAV6-7/DV9,mTRAJ32,775
AVSARNNNAPR,mTRAV9D-4,mTRAJ43,773
VLGDTTGYQNFY,mTRAV9D-4,mTRAJ49,769
AVTFQTGANTGKLT,mTRAV9D-4,mTRAJ52,750
ATDTGKLT,mTRAV8D-2,mTRAJ27,748
AISDLPGTGSNRLT,mTRAV13D-2,mTRAJ28,745
AAYYQNFY,mTRAV14-2,mTRAJ49,739
AAKKGWDSNYQLI,mTRAV14D-1,mTRAJ33,724
ALSAGFASALT,mTRAV6-7/DV9,mTRAJ35,717
AVSDYGGANTGKLT,mTRAV9D-4,mTRAJ52,711
AVNWTGGYKVV,mTRAV9D-4,mTRAJ12,707
AMEDYGNEKIT,mTRAV13-4/DV7,mTRAJ48,674
ALEDPYYQGGRALI,mTRAV13D-1,mTRAJ15,674
AAGGSNYNVLY,mTRAV19,mTRAJ21,672
AATGTNAYKVI,mTRAV14D-1,mTRAJ30,670
AAEKRFPGNTGKLI,mTRAV4D-4,mTRAJ37,665
AAEAPNAYKVI,mTRAV4D-4,mTRAJ30,655
AAPSNMGYKLT,mTRAV13-4/DV7,mTRAJ9,652
GTNTGKLT,mTRAV13D-4,mTRAJ27,646
AVSSTNMGYKLT,mTRAV9D-4,mTRAJ9,643
AAVPRRTGNYKYV,mTRAV4D-4,mTRAJ40,638
AAGGTNTGKLT,mTRAV19,mTRAJ27,627
AARRVQPNKVV,mTRAV14-2,mTRAJ34,618
ATSRAGNYKYV,mTRAV8D-1,mTRAJ40,616
ALGVNNYAQGLT,mTRAV6D-5,mTRAJ26,608
ASNSAGNKLT,mTRAV7-3,mTRAJ17,603
ALSMTASSGQKLV,mTRAV9D-3,mTRAJ16,599
AVSSSNTNKVV,mTRAV3D-3,mTRAJ34,587
AVSPSNTNKVV,mTRAV9D-4,mTRAJ34,578
ALHGNYGSSGNKLI,mTRAV6-7/DV9,mTRAJ32,577
ALSDRKRSKLS,mTRAV6-7/DV9,mTRAJ58,575
AASRAGGNYKPT,mTRAV14-3,mTRAJ6,570
VLGNNNAGAKLT,mTRAV9D-4,mTRAJ39,562
ALRFNMGYKLT,mTRAV9D-3,mTRAJ9,553
ARTPGGNNKLT,mTRAV9D-4,mTRAJ56,550
APGSNAKLT,mTRAV13D-1,mTRAJ42,550
AASVASSGSWQLI,mTRAV19,mTRAJ22,544
AASAPPQGGRALI,mTRAV14-3,mTRAJ15,540
AAVPSGTGSNRLT,mTRAV4D-4,mTRAJ28,534
ALQSYGNEKIT,mTRAV9D-3,mTRAJ48,532
ALSIPAGNTGKLI,mTRAV9D-3,mTRAJ37,520
ATEGYAQGLT,mTRAV8D-2,mTRAJ26,517
ALRKASNTNKVV,mTRAV6-7/DV9,mTRAJ34,501
ALGERETSGSWQLI,mTRAV6-7/DV9,mTRAJ22,500
AMRERDTNAYKVI,mTRAV16D/DV11,mTRAJ30,488
ALVSSTSSGQKLV,mTRAV6D-6,mTRAJ16,486
AAEAGMGYKLT,mTRAV4D-4,mTRAJ9,486
AVKAPNNYAQGLT,mTRAV9D-4,mTRAJ26,473
AIETGNTGKLI,mTRAV13-2,mTRAJ37,467
AASKRNMGYKLT,mTRAV7D-2,mTRAJ9,463
ALSWAGNYKYV,mTRAV9D-3,mTRAJ40,459
AAEATSGGNYKPT,mTRAV4D-4,mTRAJ6,457
ALRVYGSSGNKLI,mTRAV6D-5,mTRAJ32,453
ALGDGANTGKLT,mTRAV6-7/DV9,mTRAJ27,446
ALSLIYSNNRIF,mTRAV9D-3,mTRAJ31,439
VLTGGYVGDNSKLI,mTRAV9D-4,mTRAJ38,423
AMERMGNNKLT,mTRAV13-4/DV7,mTRAJ56,418
ALGDEVNSAGNKLT,mTRAV6-7/DV9,mTRAJ17,408
AVSMGSNNRIF,mTRAV7-6,mTRAJ31,403
AVSMNTNTGKLT,mTRAV7-5,mTRAJ27,397
AIDQGTNTGKLT,mTRAV13-2,mTRAJ27,397
AYYYGNEKIT,mTRAV6-7/DV9,mTRAJ48,393
AVSNTGNYKYV,mTRAV7-6,mTRAJ40,391
AVIGTGGYKVV,mTRAV7-6,mTRAJ12,391
ALSRAPGTGSNRLT,mTRAV6D-5,mTRAJ28,387
ALNNNNAPR,mTRAV13D-1,mTRAJ43,379
ATDGGNMGYKLT,mTRAV8D-2,mTRAJ9,369
AAEKGSNYKLT,mTRAV4D-4,mTRAJ53,369
VPLNQGGSAKLI,mTRAV9D-4,mTRAJ57,360
AMEPAAEGADRLT,mTRAV13-4/DV7,mTRAJ45,359
AGSNSGGSNAKLT,mTRAV7D-6,mTRAJ42,358
AVTYRNNRIF,mTRAV9D-4,mTRAJ31,355
AAEFSNYQLI,mTRAV19,mTRAJ33,352
AIDTNTGKLT,mTRAV13D-2,mTRAJ27,351
AVSMWRMGAKLT,mTRAV7D-3,mTRAJ39,348
ATEAQVVGQLT,mTRAV8D-2,mTRAJ5,344
ALSGWTGNYKYV,mTRAV12D-3,mTRAJ40,343
ALKWDQGGRALI,mTRAV6D-5,mTRAJ15,343
ARLDPYYGNEKIT,mTRAV6-7/DV9,mTRAJ48,341
APEGYGNEKIT,mTRAV14D-3/DV8,mTRAJ48,339
AAGALATGGNNKLT,mTRAV19,mTRAJ56,337
ALGGRGSADRLT,mTRAV6-7/DV9,mTRAJ45,335
AADSNNRIF,mTRAV14D-1,mTRAJ31,330
AVSSQAGNTGKLI,mTRAV7-6,mTRAJ37,328
VVGETNTGKLT,mTRAV11,mTRAJ27,327
ALEQPSGSWQLI,mTRAV13D-1,mTRAJ22,326
AAEAGTEGADRLT,mTRAV4D-4,mTRAJ45,322
AVKRETGGYKVV,mTRAV9D-1,mTRAJ12,321
AAGAGATGGNNKLT,mTRAV19,mTRAJ56,318
AMTPGLNSGGSNAKLT,mTRAV13-4/DV7,mTRAJ42,314
AMRDIGPGGYKVV,mTRAV6D-3,mTRAJ12,310
AVTFPNAGAKLT,mTRAV9D-4,mTRAJ39,309
AVRVSGGSNYKLT,mTRAV9D-4,mTRAJ53,309
VLSSTNMGYKLT,mTRAV9D-4,mTRAJ9,307
AASPPGYKYV,mTRAV14-2,mTRAJ40,304
AHTNSAGNKLT,mTRAV6-4,mTRAJ17,299
EATGGNNKLT,mTRAV9D-4,mTRAJ56,298
ALERYNQGKLI,mTRAV13D-1,mTRAJ23,297
AASNMGYKLT,mTRAV4D-4,mTRAJ9,293
AASDDAGGNNKLT,mTRAV14-3,mTRAJ56,292
AVSMWRAGAKLT,mTRAV7-3,mTRAJ39,291
VRLSGGNYKPT,mTRAV9D-4,mTRAJ6,289
AAEDNNNAPR,mTRAV4D-4,mTRAJ43,289
AVSIQSNNRIF,mTRAV7-6,mTRAJ31,288
AVSPSLGYQNFY,mTRAV9D-4,mTRAJ49,287
AVERGDTNAYKVI,mTRAV4D-4,mTRAJ30,287
AVTPMNYNQGKLI,mTRAV7-3,mTRAJ23,285
AASPPGYKVV,mTRAV14-2,mTRAJ12,285
ALSRAPGSSGQKLV,mTRAV6-7/DV9,mTRAJ16,282
AVSMESTNTGKLT,mTRAV7-6,mTRAJ27,280
AVSAGSGNYKYV,mTRAV9D-4,mTRAJ40,280
AAREATGGNNKLT,mTRAV19,mTRAJ56,278
AVTPGGSNAKLT,mTRAV3D-3,mTRAJ42,274
AMETNAYKVI,mTRAV13D-4,mTRAJ30,274
ALSRPRNSNNRIF,mTRAV6D-5,mTRAJ31,273
AVSEGPGYQNFY,mTRAV9D-4,mTRAJ49,271
VDNYNQGKLI,mTRAV9D-4,mTRAJ23,268
AVSHIGANYNVLY,mTRAV9D-4,mTRAJ21,268
AVSESAGYQNFY,mTRAV9D-4,mTRAJ49,268
ALRGKRGSSSFSKLV,mTRAV6-7/DV9,mTRAJ50,265
AVSAGNSNNRIF,mTRAV9D-4,mTRAJ31,262
ALSDLPGTGSNRLT,mTRAV6-7/DV9,mTRAJ28,257
AASAVGSAGNKLT,mTRAV14D-1,mTRAJ17,257
AASAQGGANTGKLT,mTRAV14D-3/DV8,mTRAJ52,252
ATDSGTYQR,mTRAV12D-2,mTRAJ13,249
AYGNEKIT,mTRAV8D-1,mTRAJ48,247
AVKTVSSNTNKVV,mTRAV3D-3,mTRAJ34,247
ALRPKGYAQGLT,mTRAV12D-3,mTRAJ26,247
ALSMLHTNAYKVI,mTRAV9D-3,mTRAJ30,244
ALYQGGRALI,mTRAV8D-2,mTRAJ15,242
AVEYYAQGLT,mTRAV9D-1,mTRAJ26,237
AIVPASSGSWQLI,mTRAV13D-2,mTRAJ22,232
AAFGGQQGTGSKLS,mTRAV14-2,mTRAJ58,232
AAVSNNAGAKLT,mTRAV19,mTRAJ39,229
AAENQGGSAKLI,mTRAV19,mTRAJ57,229
AVIPGGYKVV,mTRAV7-6,mTRAJ12,227
AHYNQGKLI,mTRAV8D-1,mTRAJ23,226
AVSARGTGYQNFY,mTRAV9D-4,mTRAJ49,225
AMRGFNTGNYKYV,mTRAV16D/DV11,mTRAJ40,224
ALSDMNGSSGNKLI,mTRAV6-7/DV9,mTRAJ32,224
AADTGGYKVV,mTRAV4D-4,mTRAJ12,224
AVSTQAGNTGKLI,mTRAV7-6,mTRAJ37,223
AVSEDTNAYKVI,mTRAV9D-4,mTRAJ30,218
ALVEPVSNNRIF,mTRAV6D-4,mTRAJ31,218
ALSDQGNYKYV,mTRAV12D-2,mTRAJ40,216
ATGPNTGGLSGKLT,mTRAV8-2,mTRAJ2,215
ALRLLFNQGGSAKLI,mTRAV6-7/DV9,mTRAJ57,214
AASEQNAYKVI,mTRAV14-2,mTRAJ30,213
AVSAPSGSWQLI,mTRAV9D-4,mTRAJ22,208
AVRDFSNTNKVV,mTRAV9D-4,mTRAJ34,208
AMTLAYQGGRALI,mTRAV6D-3,mTRAJ15,206
AVPFNRIF,mTRAV3D-3,mTRAJ31,205
APYNVGDNSKLI,mTRAV7-6,mTRAJ38,205
AMSDLPGTGSNRLT,mTRAV13D-2,mTRAJ28,204
AAEGNNNAPR,mTRAV4D-4,mTRAJ43,204
VLSPPIYQGGRALI,mTRAV9D-4,mTRAJ15,202
AVGSSTGYQNFY,mTRAV9D-4,mTRAJ49,199
AVESNTGYQNFY,mTRAV9D-4,mTRAJ49,199
ALSARGPNKVV,mTRAV6-7/DV9,mTRAJ34,198
ALSGGNTGKLI,mTRAV13-2,mTRAJ37,195
ALEREGADRLT,mTRAV13D-1,mTRAJ45,195
AVSARGSNNRIF,mTRAV3-3,mTRAJ31,194
AIGANYGNEKIT,mTRAV13D-2,mTRAJ48,192
AVRSNVGDNSKLI,mTRAV3D-3,mTRAJ38,191
AAAFNTGNYKYV,mTRAV4D-4,mTRAJ40,191
ALRGVYQGGRALI,mTRAV9D-3,mTRAJ15,190
ALTFGGAGAKLT,mTRAV12D-3,mTRAJ39,187
ALRGLASNTNKVV,mTRAV6D-5,mTRAJ34,187
AVSKVGGGSNYKLT,mTRAV9D-4,mTRAJ53,185
AVGPNTGYQNFY,mTRAV9D-4,mTRAJ49,185
ALERGNMGYKLT,mTRAV13D-1,mTRAJ9,184
APENSGTYQR,mTRAV7D-4,mTRAJ13,183
AIELPGTGSNRLT,mTRAV13D-2,mTRAJ28,183
AAFSMSNYNVLY,mTRAV4D-4,mTRAJ21,183
AVTRGNAYKVI,mTRAV9D-4,mTRAJ30,181
AADLGGRALI,mTRAV4D-3,mTRAJ15,181
IRLPVLY,mTRAV21/DV12,mTRAJ21,180
VLSLAGNTGKLT,mTRAV9D-4,mTRAJ27,179
VLSAQGSGTYQR,mTRAV9D-4,mTRAJ13,179
AMEPSAEGADRLT,mTRAV13-4/DV7,mTRAJ45,178
ALGTNNYAQGLT,mTRAV6D-5,mTRAJ26,178
AMSSKGGNTGKLI,mTRAV6D-3,mTRAJ37,177
VLGGFYTGNYKYV,mTRAV6-2,mTRAJ40,176
AVSGAGNYKYV,mTRAV9D-4,mTRAJ40,176
VLAGGYVGDNSKLI,mTRAV9D-4,mTRAJ38,175
AMSDRGGGSAKLI,mTRAV6D-3,mTRAJ57,175
AIETNTEGADRLT,mTRAV13D-2,mTRAJ45,173
AAGSQGGSAKLI,mTRAV19,mTRAJ57,173
AATGGNNKLT,mTRAV14D-3/DV8,mTRAJ56,169
VLGWNTGNYKYV,mTRAV9D-4,mTRAJ40,168
AAGPSSSFSKLV,mTRAV4D-3,mTRAJ50,168
VVGANTNTGKLT,mTRAV11,mTRAJ27,167
ALGVAPGTGSNRLT,mTRAV6D-5,mTRAJ28,167
APRHNTGNYKYV,mTRAV7-6,mTRAJ40,165
AIEPSAEGADRLT,mTRAV13D-2,mTRAJ45,164
AARASSGSWQLI,mTRAV7D-4,mTRAJ22,164
ALSELWDNRIF,mTRAV9D-3,mTRAJ31,162
ALERRGNTNKVV,mTRAV13D-1,mTRAJ34,162
AMERNTEGADRLT,mTRAV13-4/DV7,mTRAJ45,160
VDNNRIF,mTRAV4D-3,mTRAJ31,158
AAEDSNNRIF,mTRAV4D-4,mTRAJ31,158
AAGSNTGYQNFY,mTRAV9D-4,mTRAJ49,156
ALVEAVSNNRIF,mTRAV6D-4,mTRAJ31,155
AARGGNSGGSNAKLT,mTRAV14D-3/DV8,mTRAJ42,153
AVERGSNYKLT,mTRAV4D-4,mTRAJ53,151
AVRNSNNRIF,mTRAV7-6,mTRAJ31,150
AASQYDSGYNKLT,mTRAV7D-4,mTRAJ11,150
ATPNYGSSGNKLI,mTRAV8D-1,mTRAJ32,148
AATLNSNNRIF,mTRAV7D-2,mTRAJ31,148
AASALEMGYKLT,mTRAV14-2,mTRAJ9,147
AAPPTNSAGNKLT,mTRAV14-3,mTRAJ17,146
ALVQRWGGRALI,mTRAV6-7/DV9,mTRAJ15,145
ALSRFSTNTGKLT,mTRAV9D-3,mTRAJ27,145
AAQASSGSWQLI,mTRAV19,mTRAJ22,145
ALKMDSNYQLI,mTRAV6D-5,mTRAJ33,144
AASGGSSGSWQLI,mTRAV14-2,mTRAJ22,144
ALRSSNYQLI,mTRAV6-7/DV9,mTRAJ33,143
ALGVRSNTNKVV,mTRAV6-7/DV9,mTRAJ34,143
AADPASSGSWQLI,mTRAV4D-4,mTRAJ22,143
AVSVGSNYQLI,mTRAV7-6,mTRAJ33,142
AMRVGNNRIF,mTRAV6D-3,mTRAJ31,142
AAVPRSTGNYKYV,mTRAV4D-4,mTRAJ40,142
AASDTNAYKVI,mTRAV14-1,mTRAJ30,141
AAMENSNNRIF,mTRAV5D-4,mTRAJ31,141
ALSRNNNNAPR,mTRAV6D-5,mTRAJ43,140
ALAPSNTNKVV,mTRAV6-4,mTRAJ34,140
AASAGNNRIF,mTRAV14-3,mTRAJ31,139
AAGWNSNNRIF,mTRAV4D-3,mTRAJ31,139
AASMQGRDYAQGLT,mTRAV7D-2,mTRAJ26,138
AASAGSSGSWQLI,mTRAV14-2,mTRAJ22,138
AACYNYAQGLT,mTRAV14-3,mTRAJ26,137
ILRGVPQTGFASALT,mTRAV21/DV12,mTRAJ35,136
AVSMNTGNYKYV,mTRAV7-3,mTRAJ40,135
AASAPGWQLI,mTRAV14D-3/DV8,mTRAJ22,135
AMRERNTNTGKLT,mTRAV16D/DV11,mTRAJ27,134
ALDTNTNKVV,mTRAV13D-1,mTRAJ34,133
ADTSTGNYKYV,mTRAV8D-1,mTRAJ40,133
AVRRSNNRIF,mTRAV7-6,mTRAJ31,132
AASAFSNNRIF,mTRAV14D-3/DV8,mTRAJ31,132
AALNQGGSAKLI,mTRAV19,mTRAJ57,131
ALTGGSGTYQR,mTRAV12D-2,mTRAJ13,130
VLPLVNTGNYKYV,mTRAV9D-4,mTRAJ40,129
VLGEHSAGNKLT,mTRAV6-1,mTRAJ17,129
AVSAGNSAGNKLT,mTRAV9D-4,mTRAJ17,129
AARGSTNAYKVI,mTRAV14-2,mTRAJ30,129
VLGDGGNYKYV,mTRAV6-2,mTRAJ40,126
ALVRDTNAYKVI,mTRAV6-4,mTRAJ30,126
AASETGNTGKLI,mTRAV7D-4,mTRAJ37,126
ALSRATGYQNFY,mTRAV9D-3,mTRAJ49,125
AASMFTNAYKVI,mTRAV7D-2,mTRAJ30,124
AVGSNYNVLY,mTRAV7-3,mTRAJ21,123
ALVSFSGGNYKPT,mTRAV12-1,mTRAJ6,123
ALGDGINTGKLT,mTRAV6-7/DV9,mTRAJ27,121
AASVDTNAYKVI,mTRAV14D-3/DV8,mTRAJ30,121
AAMPGSWQLI,mTRAV14-1,mTRAJ22,120
ALDHNTNTGKLT,mTRAV13D-1,mTRAJ27,118
AASRDTNAYKVI,mTRAV14D-3/DV8,mTRAJ30,118
AVSEQTGGYKVV,mTRAV7D-4,mTRAJ12,117
ALSLSPGTGGYKVV,mTRAV6D-5,mTRAJ12,117
AASRHYGSSGNKLI,mTRAV14D-3/DV8,mTRAJ32,117
VLVIPGFASALT,mTRAV6-2,mTRAJ35,116
AVSMLASGSWQLI,mTRAV7-6,mTRAJ22,113
AARRVQPNKVV,mTRAV14-3,mTRAJ34,113
AAGVATGGNNKLT,mTRAV9D-4,mTRAJ56,113
ALTSNTGNYKYV,mTRAV6-7/DV9,mTRAJ40,112
ALSDRASSSFSKLV,mTRAV6-7/DV9,mTRAJ50,112
AATNYGSSGNKLI,mTRAV4D-4,mTRAJ32,112
AARTGNYKYV,mTRAV14D-3/DV8,mTRAJ40,112
AAKMRNSGGSNAKLT,mTRAV14-3,mTRAJ42,112
AVSMWRSNAKLT,mTRAV7-3,mTRAJ42,111
APYYQNFY,mTRAV14-2,mTRAJ49,111
AARGGAYKVI,mTRAV14-2,mTRAJ30,111
AAPNQGGSAKLI,mTRAV14D-3/DV8,mTRAJ57,111
AAEATTGYQNFY,mTRAV4D-3,mTRAJ49,111
AVTRNNNNAPR,mTRAV3D-3,mTRAJ43,110
ALSPWGSSGNKLI,mTRAV6D-5,mTRAJ32,110
AAVPKRTGGYKVV,mTRAV4D-4,mTRAJ12,108
AASFSGGNYKPT,mTRAV7-5,mTRAJ6,108
AAKIINSGGSNAKLT,mTRAV14D-3/DV8,mTRAJ42,108
AVGSDTGYQNFY,mTRAV9D-4,mTRAJ49,105
AATSYGSSGNKLI,mTRAV14-3,mTRAJ32,105
AASPGTGSKLS,mTRAV7-6,mTRAJ58,105
VLGDRGNNRIF,mTRAV6-1,mTRAJ31,104
ALVSFSGGNYKPT,mTRAV12D-2,mTRAJ6,104
ALRQGGSAKLI,mTRAV6-7/DV9,mTRAJ57,104
AAYYQNFY,mTRAV14-3,mTRAJ49,103
AAVLLRTGNYKYV,mTRAV4D-4,mTRAJ40,103
AAGNNNNAPR,mTRAV19,mTRAJ43,103
ATETQVVGQLT,mTRAV8-2,mTRAJ5,102
APEDSGTYQR,mTRAV7-6,mTRAJ13,102
AMRWSNYQLI,mTRAV6D-3,mTRAJ33,102
AAALNTNTGKLT,mTRAV19,mTRAJ27,102
AASPGYQNFY,mTRAV14D-3/DV8,mTRAJ49,101
AAKKGWDSNYQLI,mTRAV14-3,mTRAJ33,101
ALGDGTDTGKLT,mTRAV6-7/DV9,mTRAJ27,100
ALGEEYPNTNKVV,mTRAV6-7/DV9,mTRAJ34,99
ADSNNRIF,mTRAV7-6,mTRAJ31,99
ILRVATGGNNKLT,mTRAV21/DV12,mTRAJ56,98
AIDTGNYKYV,mTRAV13D-2,mTRAJ40,98
VLSSSNMGYKLT,mTRAV9D-4,mTRAJ9,97
AHSNKGGNTGKLI,mTRAV6-7/DV9,mTRAJ37,97
AARSSNTNKVV,mTRAV7D-6,mTRAJ34,97
AARDTNTGKLT,mTRAV7D-4,mTRAJ27,97
AVRANVGDNSKLI,mTRAV7-5,mTRAJ38,96
AMEPDNNRIF,mTRAV13D-3,mTRAJ31,96
AAVTTASLGKLQ,mTRAV4D-3,mTRAJ24,96
AMRGNTGNYKYV,mTRAV6D-3,mTRAJ40,95
AMRYNVLY,mTRAV13D-3,mTRAJ21,94
AASRTNAYKVI,mTRAV7D-2,mTRAJ30,94
AASEGGNAYKVI,mTRAV14D-3/DV8,mTRAJ30,94
AVSAASSFSKLV,mTRAV9D-4,mTRAJ50,93
AVRNTNTGKLT,mTRAV7-3,mTRAJ27,93
AVRKVGADRLT,mTRAV6-7/DV9,mTRAJ45,93
AMRDPGTGSNRLT,mTRAV6D-3,mTRAJ28,93
AANYGNEKIT,mTRAV14D-3/DV8,mTRAJ48,93
AATSQQGTGSKLS,mTRAV14D-1,mTRAJ58,92
AADNNAYKVI,mTRAV14-2,mTRAJ30,92
ILRAQGTGSKLS,mTRAV21/DV12,mTRAJ58,91
AAVPNADRLT,mTRAV14D-3/DV8,mTRAJ45,91
APNSAGNKLT,mTRAV7-3,mTRAJ17,90
ALGGPWRNYNVLY,mTRAV6D-6,mTRAJ21,90
AMRVGTGGYKVV,mTRAV6D-3,mTRAJ12,89
AVGGGSGNKLI,mTRAV7-6,mTRAJ32,88
AAPSNMGYKLT,mTRAV13D-2,mTRAJ9,88
AAGVLYTGYQNFY,mTRAV19,mTRAJ49,88
ALSPYRIF,mTRAV6-7/DV9,mTRAJ31,87
ALRAKGYAQGLT,mTRAV12D-3,mTRAJ26,87
AALNQGGSAKLI,mTRAV14D-3/DV8,mTRAJ57,87
AIAGTGGYKVV,mTRAV13-2,mTRAJ12,86
AGGGANTGKLT,mTRAV14-2,mTRAJ52,85
AASVYDSGYNKLT,mTRAV7D-4,mTRAJ11,85
AASGNYNVLY,mTRAV14-2,mTRAJ21,85
AARTLNSNNRIF,mTRAV14D-1,mTRAJ31,85
AAILQQGTGSKLS,mTRAV14D-3/DV8,mTRAJ58,85
AAEPALRNSNNRIF,mTRAV4D-3,mTRAJ31,85
ALGMNYNQGKLI,mTRAV6-1,mTRAJ23,84
AASPNYNQGKLI,mTRAV7D-4,mTRAJ23,84
AASGAGANTGKLT,mTRAV14D-3/DV8,mTRAJ52,84
AASDTNTGKLT,mTRAV14-1,mTRAJ27,84
AAEVNYAQGLT,mTRAV14D-1,mTRAJ26,84
AVSIGNAGAKLT,mTRAV7-6,mTRAJ39,82
AVRGFGTGNYKYV,mTRAV9D-1,mTRAJ40,82
ALSPWGSGNKLI,mTRAV12D-2,mTRAJ32,82
ALDDGTNTGKLT,mTRAV6-7/DV9,mTRAJ27,82
AAPSSRGTGSKLS,mTRAV5D-4,mTRAJ58,81
AVSDRTTASLGKLQ,mTRAV9D-1,mTRAJ24,80
ALVSFSGGNYKPT,mTRAV12D-1,mTRAJ6,80
ALSDRGPNRIF,mTRAV6-7/DV9,mTRAJ31,80
AVSRYNQGKLI,mTRAV3D-3,mTRAJ23,79
AGSSNTNKVV,mTRAV7-5,mTRAJ34,79
ALVDANSGGSNYKLT,mTRAV6-4,mTRAJ53,78
ALSDQGTGGYKVV,mTRAV12D-3,mTRAJ12,78
ALSASSNNRIF,mTRAV12D-2,mTRAJ31,78
AIDRRPNTGNYKYV,mTRAV13D-2,mTRAJ40,77
AASESTNTGKLT,mTRAV7D-4,mTRAJ27,77
AVGESSGNKLI,mTRAV7-6,mTRAJ32,76
ALQNTGYQNFY,mTRAV6-7/DV9,mTRAJ49,76
ALGDWKGGRALI,mTRAV6-7/DV9,mTRAJ15,76
AASASSGSWQLI,mTRAV14-2,mTRAJ22,76
AAPPSGTGSNRLT,mTRAV4D-4,mTRAJ28,76
ALEGSASLGKLQ,mTRAV13D-1,mTRAJ24,75
AASSFPTGYQNFY,mTRAV7D-4,mTRAJ49,75
AAIASNTGNYKYV,mTRAV4D-4,mTRAJ40,75
ARGRGGNYKPT,mTRAV13D-4,mTRAJ6,74
AASPDTNAYKVI,mTRAV7D-2,mTRAJ30,74
ALREANYNVLY,mTRAV6D-6,mTRAJ21,73
ALDTNAYKVI,mTRAV13D-1,mTRAJ30,73
AASNQGGSAKLI,mTRAV19,mTRAJ57,73
AMRDWNTGYQNFY,mTRAV6D-3,mTRAJ49,72
ALGVNNYAQGLT,mTRAV6-7/DV9,mTRAJ26,72
ALSRTGGYKVV,mTRAV12D-2,mTRAJ12,71
ALSLSSGNYKYV,mTRAV9D-3,mTRAJ40,70
ALSEGGSNYKLT,mTRAV6-7/DV9,mTRAJ53,70
AASTTGNYKYV,mTRAV14D-3/DV8,mTRAJ40,69
AASLSNTNKVV,mTRAV3D-3,mTRAJ34,69
AAGALTGYQNFY,mTRAV19,mTRAJ49,69
VLSSTNMGYKLT,mTRAV9D-1,mTRAJ9,68
VLSAGTGYQNFY,mTRAV9D-3,mTRAJ49,68
AASPPSWQLI,mTRAV14-1,mTRAJ22,68
VLGSSSNTNKVV,mTRAV6-2,mTRAJ34,67
ALSDKGNYKYV,mTRAV6-7/DV9,mTRAJ40,67
AARVFLSNSGGSNYKLT,mTRAV14D-3/DV8,mTRAJ53,67
GTNTGKLT,mTRAV13-1,mTRAJ27,66
AVSARNNNAPR,mTRAV9D-1,mTRAJ43,66
AASNEATGGNNKLT,mTRAV14-1,mTRAJ56,66
AASAPGYQNFY,mTRAV14-2,mTRAJ49,66
AARGTGANTGKLT,mTRAV14-2,mTRAJ52,65
AAERNSNNRIF,mTRAV4D-4,mTRAJ31,65
ALRAVNTGNYKYV,mTRAV12D-3,mTRAJ40,64
AASRTGGYKVV,mTRAV14D-1,mTRAJ12,64
AVSRYGNNAPR,mTRAV9D-1,mTRAJ43,63
ALTPGGSNAKLT,mTRAV3D-3,mTRAJ42,63
ALKSNSGTYQR,mTRAV13D-1,mTRAJ13,63
AARITGNTGKLI,mTRAV5D-4,mTRAJ37,62
AAKHGNNNAPR,mTRAV14-2,mTRAJ43,62
VLRPPAYQGGRALI,mTRAV9D-4,mTRAJ15,61
VATGGNNKLT,mTRAV5D-4,mTRAJ56,61
AVYTNTGKLT,mTRAV7-6,mTRAJ27,61
AVTLSGGSNAKLT,mTRAV7-5,mTRAJ42,61
AVRGTNTGKLT,mTRAV7-5,mTRAJ27,61
APRMDSNYQLI,mTRAV6D-5,mTRAJ33,61
ALDDAQGLT,mTRAV6D-6,mTRAJ26,61
AATGTNAYKVI,mTRAV14-3,mTRAJ30,61
AASMGSNYQLI,mTRAV7D-2,mTRAJ33,60
AAGATEGADRLT,mTRAV19,mTRAJ45,60
AARLGSNNRIF,mTRAV7D-2,mTRAJ31,59
ILRVGGGSNAKLT,mTRAV21/DV12,mTRAJ42,58
AVDSNTGYQNFY,mTRAV9D-4,mTRAJ49,58
ATYYGSSGNKLI,mTRAV13-4/DV7,mTRAJ32,58
AAPNTGANTGKLT,mTRAV19,mTRAJ52,58
AALNSAGNKLT,mTRAV7D-4,mTRAJ17,58
AASTTASLGKLQ,mTRAV7D-4,mTRAJ24,57
ILRVANQGGSAKLI,mTRAV21/DV12,mTRAJ57,56
APEGYGNEKIT,mTRAV14-3,mTRAJ48,56
AMGSNTGYQNFY,mTRAV9D-4,mTRAJ49,56
AASEIFAGNKLT,mTRAV14-1,mTRAJ17,56
AAKLANSGGSNAKLT,mTRAV14D-3/DV8,mTRAJ42,56
AAKKENYKYV,mTRAV14D-3/DV8,mTRAJ40,56
AVNNNNNAPR,mTRAV9D-1,mTRAJ43,55
AVGIGNEKIT,mTRAV3-4,mTRAJ48,55
ALSNTGGYKVV,mTRAV12D-3,mTRAJ12,55
AASRGNNRIF,mTRAV7D-2,mTRAJ31,55
AAGGSSGNKLI,mTRAV7D-6,mTRAJ32,55
AVSARGSNNRIF,mTRAV3D-3,mTRAJ31,54
AVRTEGADRLT,mTRAV3D-3,mTRAJ45,54
AVIGTGGYKVV,mTRAV7D-6,mTRAJ12,54
AGTNYNVLY,mTRAV13D-3,mTRAJ21,54
VLGGRSNNRIF,mTRAV6-1,mTRAJ31,53
APPNTGGLSGKLT,mTRAV14D-3/DV8,mTRAJ2,53
ALSAGFASALT,mTRAV6D-5,mTRAJ35,53
AADNNNNAPR,mTRAV19,mTRAJ43,53
AVSAGYNAGAKLT,mTRAV9D-1,mTRAJ39,52
ALVSSTSSGQKLV,mTRAV6-7/DV9,mTRAJ16,52
AVRAESGNKLI,mTRAV9D-1,mTRAJ32,51
ALSDQGNTGKLI,mTRAV12D-2,mTRAJ37,51
AAVASNTGNYKYV,mTRAV4D-4,mTRAJ40,51
AAKSSGSWQLI,mTRAV14-2,mTRAJ22,51
VLSAGTGYQNFY,mTRAV9D-1,mTRAJ49,50
ALVDLNYKYV,mTRAV6D-4,mTRAJ40,50
ALSPGPNTGNYKYV,mTRAV12D-3,mTRAJ40,50
AASNNNNAPR,mTRAV9D-1,mTRAJ43,50
AARILNNNAPR,mTRAV14D-3/DV8,mTRAJ43,50
ALRARGYAQGLT,mTRAV12D-1,mTRAJ26,49
AASRSSGSWQLI,mTRAV7-6,mTRAJ22,49
AASAFNSAGNKLT,mTRAV7D-2,mTRAJ17,49
AAAPAIGRIF,mTRAV14-2,mTRAJ31,49
VLSPPIYQGGRALI,mTRAV9D-1,mTRAJ15,48
VLSLAGNTGKLT,mTRAV9D-1,mTRAJ27,48
AMRGIITGYQNFY,mTRAV16D/DV11,mTRAJ49,48
AASAEFAGYQNFY,mTRAV14-1,mTRAJ49,48
AVSLNRIF,mTRAV3D-3,mTRAJ31,47
AVGLSNTNKVV,mTRAV3D-3,mTRAJ34,47
ALRVYGSSGNKLI,mTRAV6-7/DV9,mTRAJ32,47
ALGRNNYAQGLT,mTRAV6D-5,mTRAJ26,47
AARGSGYNKLT,mTRAV7D-2,mTRAJ11,47
AYEKIT,mTRAV9D-1,mTRAJ48,46
ALSDEGGGYKVV,mTRAV12D-3,mTRAJ12,46
ALRGISSNTNKVV,mTRAV6-7/DV9,mTRAJ34,46
AASGYGSSGNKLI,mTRAV14D-3/DV8,mTRAJ32,46
AARNNNNAPR,mTRAV10D,mTRAJ43,46
AALPLNTGNYKYV,mTRAV4D-4,mTRAJ40,46
AVKRETGGYKVV,mTRAV9D-4,mTRAJ12,45
AVKEGTGSKLS,mTRAV7-6,mTRAJ58,45
AARVLNSNNRIF,mTRAV14D-1,mTRAJ31,45
AARGYDVGDNSKLI,mTRAV5D-4,mTRAJ38,45
AAGGANTGKLT,mTRAV14-2,mTRAJ52,45
ALSPSPSGSWQLI,mTRAV12D-2,mTRAJ22,44
ALSGKRPSSFSKLV,mTRAV12D-3,mTRAJ50,44
ALRMNSNYQLI,mTRAV6D-5,mTRAJ33,44
ALEPSSALGRLH,mTRAV13D-1,mTRAJ18,44
AIEPWGGNYKPT,mTRAV13D-2,mTRAJ6,44
AASGTGNYKYV,mTRAV14D-3/DV8,mTRAJ40,44
AASEANTNKVV,mTRAV5D-4,mTRAJ34,44
AAMRVRGADRLT,mTRAV7D-2,mTRAJ45,44
ALTSWRGSALGRLH,mTRAV12D-2,mTRAJ18,43
ALSVWNAGAKLT,mTRAV12D-3,mTRAJ39,43
AASWGLNTNKVV,mTRAV14-2,mTRAJ34,43
AADASSSFSKLV,mTRAV14D-3/DV8,mTRAJ50,43
VLSPVLSGGSNAKLT,mTRAV9D-4,mTRAJ42,42
AVSMWRAGAKLT,mTRAV7D-3,mTRAJ39,42
AVSARANNYAQGLT,mTRAV7-3,mTRAJ26,42
ALVSSTSSGQKLV,mTRAV6D-5,mTRAJ16,42
ALVSFSGGNYKPT,mTRAV12D-3,mTRAJ6,42
ALRIDSNYQLI,mTRAV6D-5,mTRAJ33,42
AAFGGQQGTGSKLS,mTRAV14-3,mTRAJ58,42
ALRKASNTNKVV,mTRAV6D-5,mTRAJ34,41
ALFPNTGNYKYV,mTRAV13D-1,mTRAJ40,41
VLSPPIYQGGRALI,mTRAV9D-3,mTRAJ15,40
VLSLAGNTGKLT,mTRAV9D-3,mTRAJ27,40
VLGDGPSNYQLI,mTRAV6-2,mTRAJ33,40
ALSRAPGTGSNRLT,mTRAV6-7/DV9,mTRAJ28,40
AASPPGYKYV,mTRAV14D-1,mTRAJ40,40
AASARTTGYQNFY,mTRAV14D-3/DV8,mTRAJ49,40
AASAQGGANTGKLT,mTRAV14-3,mTRAJ52,40
AASAHYGSSGNKLI,mTRAV14D-1,mTRAJ32,40
ALRTDSNYQLI,mTRAV6D-5,mTRAJ33,39
AAFSGGSNYKLT,mTRAV7-5,mTRAJ53,39
AAASYGSSGNKLI,mTRAV7D-2,mTRAJ32,39
ILYTEGADRLT,mTRAV21/DV12,mTRAJ45,38
AVTTNAYKVI,mTRAV3D-3,mTRAJ30,38
APMDSNYQLI,mTRAV6-7/DV9,mTRAJ33,38
ALGEGEISGSWQLI,mTRAV6-7/DV9,mTRAJ22,38
AHHTGNYKYV,mTRAV7-5,mTRAJ40,38
AASPPGYKYV,mTRAV14-3,mTRAJ40,38
AASKASSGQKLV,mTRAV14-1,mTRAJ16,38
AVTPGGSNAKLT,mTRAV3-3,mTRAJ42,37
ALSRAPGSSGNKLI,mTRAV6D-5,mTRAJ32,37
ALKLGGNYKYV,mTRAV12D-2,mTRAJ40,37
ALENTGANTGKLT,mTRAV13D-1,mTRAJ52,37
AIDRRVNTGNYKYV,mTRAV13D-2,mTRAJ40,37
AASTNYGNEKIT,mTRAV5D-4,mTRAJ48,37
AYEKIT,mTRAV9D-3,mTRAJ48,36
AVSWGDNAPR,mTRAV7D-3,mTRAJ43,36
AVSLPNTNKVV,mTRAV3D-3,mTRAJ34,36
AVSIGGNYKYV,mTRAV7-5,mTRAJ40,36
AVRPRTNAYKVI,mTRAV5D-4,mTRAJ30,36
ALVGHGNSKLI,mTRAV12D-3,mTRAJ38,36
VLSLAGNTGKLI,mTRAV9D-4,mTRAJ37,35
AVSSNNNAPR,mTRAV9D-1,mTRAJ43,35
AVSGGSGGSNAKLT,mTRAV3D-3,mTRAJ42,35
ALSRNVGDNSKLI,mTRAV6D-6,mTRAJ38,35
ALSGASNAYKVI,mTRAV6D-5,mTRAJ30,35
ALSDQVGVLSNTGYQNFY,mTRAV12D-2,mTRAJ49,35
AAESRGSNAKLT,mTRAV14-2,mTRAJ42,35
VLSTGNYKYV,mTRAV9D-4,mTRAJ40,34
ILRKGGIRDAEGADRLT,mTRAV21/DV12,mTRAJ45,34
AASPTNAYKVI,mTRAV7D-2,mTRAJ30,34
AASAVGSAGNKLT,mTRAV14-3,mTRAJ17,34
AASARSNNRIF,mTRAV5D-4,mTRAJ31,34
AASALEMGYKLT,mTRAV14-3,mTRAJ9,34
AARGGNSGGSNAKLT,mTRAV14-3,mTRAJ42,34
AVSSRSNTNKVV,mTRAV7-5,mTRAJ34,33
AVRKVGADRLT,mTRAV9D-1,mTRAJ45,33
AAGGEEGADRLT,mTRAV14D-3/DV8,mTRAJ45,33
AVSDQGGSAKLI,mTRAV3-4,mTRAJ57,32
ALHGNYGSSGNKLI,mTRAV6D-5,mTRAJ32,32
AASAWVSNNRIF,mTRAV14D-1,mTRAJ31,32
VVGGSSNTNKVV,mTRAV11,mTRAJ34,31
AVTPSNSNNRIF,mTRAV9D-1,mTRAJ31,31
AVSAQGTNNRIF,mTRAV9D-1,mTRAJ31,31
ALSTTQGTGSKLS,mTRAV12D-2,mTRAJ58,31
AIAGAKLT,mTRAV17,mTRAJ39,31
AASEQNAYKVI,mTRAV14-3,mTRAJ30,31
ILRVFYNQGKLI,mTRAV21/DV12,mTRAJ23,30
AWCYTGNYKYV,mTRAV12D-2,mTRAJ40,30
AVWKVGADRLT,mTRAV9D-4,mTRAJ45,30
AVSDYGGANTGKLT,mTRAV9D-1,mTRAJ52,30
ATSSGSWQLI,mTRAV13D-2,mTRAJ22,30
AMREDNTNTGKLT,mTRAV16D/DV11,mTRAJ27,30
ALIPSSNTNKVV,mTRAV12D-1,mTRAJ34,30
ALGERGISGSWQLI,mTRAV6-7/DV9,mTRAJ22,30
AAKLGNSGGSNAKLT,mTRAV14D-3/DV8,mTRAJ42,30
VVGNNVGDNSKLI,mTRAV11,mTRAJ38,29
VLRYTEGADRLT,mTRAV9D-4,mTRAJ45,29
VLGDRSDNRIF,mTRAV6-1,mTRAJ31,29
ILRVEGNNNNAPR,mTRAV21/DV12,mTRAJ43,29
AVSYNNNAPR,mTRAV7-6,mTRAJ43,29
AVRGFGTGNYKYV,mTRAV6-7/DV9,mTRAJ40,29
ALSSRGPNRIF,mTRAV6-7/DV9,mTRAJ31,29
ALSAPASNNRIF,mTRAV6D-5,mTRAJ31,29
ALNSATASLGKLQ,mTRAV6D-6,mTRAJ24,29
VSEGYGNEKIT,mTRAV14D-3/DV8,mTRAJ48,28
AVPPLASSSFSKLV,mTRAV9D-1,mTRAJ50,28
AIPANYGNEKIT,mTRAV13D-2,mTRAJ48,28
AASSGGNYKPT,mTRAV7D-2,mTRAJ6,28
AASKNTNTGKLT,mTRAV7D-2,mTRAJ27,28
AAKNSANTGKLT,mTRAV14-2,mTRAJ27,28
VLGNNNAGAKLT,mTRAV9D-1,mTRAJ39,27
ILRVQGGSAKLI,mTRAV21/DV12,mTRAJ57,27
AVRANTGKLT,mTRAV7D-3,mTRAJ27,27
AVPPLASSSFSKLV,mTRAV9D-3,mTRAJ50,27
AMREAMQQGTGSKLS,mTRAV16D/DV11,mTRAJ58,27
ALSPSSGSWQLI,mTRAV12D-2,mTRAJ22,27
ALKWDQGGRALI,mTRAV6-7/DV9,mTRAJ15,27
ALGEEDSNYQLI,mTRAV6D-6,mTRAJ33,27
ALCDGTNTGKLT,mTRAV6-7/DV9,mTRAJ27,27
AAMRNSNNRIF,mTRAV5D-4,mTRAJ31,27
AVSGNNNAPR,mTRAV9D-1,mTRAJ43,26
AMSRTYNAGAKLT,mTRAV16D/DV11,mTRAJ39,26
ALTSHQGGRALI,mTRAV6D-6,mTRAJ15,26
ALRARGYAQGLT,mTRAV12-1,mTRAJ26,26
ALGDGSNTGKLT,mTRAV6-7/DV9,mTRAJ27,26
AASPPGYKVV,mTRAV14-3,mTRAJ12,26
AADLGGRALI,mTRAV4D-4,mTRAJ15,26
AVNWTGGYKVV,mTRAV9D-1,mTRAJ12,25
ALSRPRNSNNRIF,mTRAV6-7/DV9,mTRAJ31,25
ALINRIF,mTRAV12D-1,mTRAJ31,25
ALGDGNNTGKLT,mTRAV6-7/DV9,mTRAJ27,25
AGFGGQQGTGSKLS,mTRAV14-2,mTRAJ58,25
AASGGQGGSAKLI,mTRAV12D-2,mTRAJ57,25
AASDGSSGNKLI,mTRAV14-2,mTRAJ32,25
AAIGPGYQNFY,mTRAV14-2,mTRAJ49,25
AADSNNRIF,mTRAV14-3,mTRAJ31,25
ILRVGLTGNTGKLI,mTRAV21/DV12,mTRAJ37,24
ILLPYGSSGNKLI,mTRAV21/DV12,mTRAJ32,24
AVSAGAGNYKYV,mTRAV9D-1,mTRAJ40,24
AQGGYQNFY,mTRAV12D-2,mTRAJ49,24
ALSDQNQGGSAKLI,mTRAV6-7/DV9,mTRAJ57,24
AARTNYNVLY,mTRAV5D-4,mTRAJ21,24
AARTLNSNNRIF,mTRAV14-3,mTRAJ31,24
AVSPSNTNKVV,mTRAV9D-1,mTRAJ34,23
ATDRGYQLI,mTRAV8-2,mTRAJ33,23
AMQRNQGGSAKLI,mTRAV13D-4,mTRAJ57,23
ALVSFSGGNYKPT,mTRAV12-2,mTRAJ6,23
ALRSSNYQLI,mTRAV6D-5,mTRAJ33,23
ALGPNTNKVV,mTRAV6D-6,mTRAJ34,23
ALGERETSGSWQLI,mTRAV6D-5,mTRAJ22,23
ALGEGFASALT,mTRAV6D-6,mTRAJ35,23
AENAGGYKVV,mTRAV13D-3,mTRAJ12,23
AASKGNNNAPR,mTRAV10,mTRAJ43,23
AASGNSNNRIF,mTRAV7D-4,mTRAJ31,23
AASENSNNRIF,mTRAV7D-4,mTRAJ31,23
AASDKSNNRIF,mTRAV14D-3/DV8,mTRAJ31,23
AARTGNYKYV,mTRAV14-3,mTRAJ40,23
AAMPGSWQLI,mTRAV14-3,mTRAJ22,23
AAKAANSGGSNAKLT,mTRAV14D-3/DV8,mTRAJ42,23
AVSDLGVGYKLT,mTRAV7D-4,mTRAJ9,22
AVILTGGYKVV,mTRAV3-3,mTRAJ12,22
ARTPGGNNKLT,mTRAV9D-1,mTRAJ56,22
AMSSKGGNTGKLI,mTRAV6-7/DV9,mTRAJ37,22
AMERRSNNRIF,mTRAV13D-4,mTRAJ31,22
ALSGRRPSSFSKLV,mTRAV12D-3,mTRAJ50,22
ALSGGNMGYKLT,mTRAV12D-3,mTRAJ9,22
ALGGRGSADRLT,mTRAV6D-5,mTRAJ45,22
AASGLQQGTGSKLS,mTRAV14D-3/DV8,mTRAJ58,22
VLSLAGNTGKLT,mTRAV6-7/DV9,mTRAJ27,21
AVRRSNNRIF,mTRAV7D-6,mTRAJ31,21
AVRKGRSNYNVLY,mTRAV3D-3,mTRAJ21,21
ANPYGSSGNKLI,mTRAV13D-2,mTRAJ32,21
ALGVAPGTGSNRLT,mTRAV6-7/DV9,mTRAJ28,21
ALGTNNYAQGLT,mTRAV6-7/DV9,mTRAJ26,21
ALGGYSNNRIF,mTRAV6D-6,mTRAJ31,21
ALGEREISGSWQLI,mTRAV6D-5,mTRAJ22,21
AASDGTNTGKLT,mTRAV14-2,mTRAJ27,21
AARPSNSGGSNAKLT,mTRAV14D-1,mTRAJ42,21
AAKIINSGGSNAKLT,mTRAV14-3,mTRAJ42,21
VLRPPAYQGGRALI,mTRAV9D-1,mTRAJ15,20
DRGTGSKLS,mTRAV14-1,mTRAJ58,20
AVNLSNTNKVV,mTRAV3D-3,mTRAJ34,20
AVIDGSSGNKLI,mTRAV7D-3,mTRAJ32,20
AVEYYAQGLT,mTRAV9D-4,mTRAJ26,20
ASITGNTGKLI,mTRAV12D-2,mTRAJ37,20
ALVDGTNTGKLT,mTRAV6-7/DV9,mTRAJ27,20
ALTPTGAGNKLT,mTRAV12D-3,mTRAJ17,20
ALSDRRRGKLI,mTRAV6-7/DV9,mTRAJ37,20
AEYAGNYKYV,mTRAV3-4,mTRAJ40,20
AATTGNYKYV,mTRAV14-2,mTRAJ40,20
AASASSGSWQLI,mTRAV5D-4,mTRAJ22,20
AANNTGANTGKLT,mTRAV5D-4,mTRAJ52,20
VLSSSNMGYKLT,mTRAV9D-1,mTRAJ9,19
VLGDRRNNRIF,mTRAV6-1,mTRAJ31,19
AVSGAGYQNFY,mTRAV9D-1,mTRAJ49,19
AVRNSNNRIF,mTRAV7D-6,mTRAJ31,19
AVNWTGGYKVV,mTRAV6-7/DV9,mTRAJ12,19
AVEGSSGNKLI,mTRAV7-6,mTRAJ32,19
APHYGSSGNKLI,mTRAV12D-2,mTRAJ32,19
ALSEATNTGKLT,mTRAV12D-2,mTRAJ27,19
ALSASLLILTGGNNKLT,mTRAV6-7/DV9,mTRAJ56,19
ALRGKRGSSSFSKLV,mTRAV6D-5,mTRAJ50,19
ALGDEVNSAGNKLT,mTRAV6D-5,mTRAJ17,19
AASTASSGSWQLI,mTRAV14-1,mTRAJ22,19
AASRGTGNYKYV,mTRAV5D-4,mTRAJ40,19
AASMWSAPR,mTRAV7D-2,mTRAJ43,19
AASGNNAGAKLT,mTRAV14-2,mTRAJ39,19
AASGGSSGSWQLI,mTRAV14-3,mTRAJ22,19
AASDTNAYKVI,mTRAV14-3,mTRAJ30,19
AARSNNNNAPR,mTRAV5D-4,mTRAJ43,19
AARRVQTNKVV,mTRAV14-2,mTRAJ34,19
AAPGGYKVV,mTRAV10,mTRAJ12,19
AAKKGDMGYKLT,mTRAV7D-4,mTRAJ9,19
AAILQQGTGSKLS,mTRAV14-3,mTRAJ58,19
AAGGASGGNYKPT,mTRAV14D-3/DV8,mTRAJ6,19
AAARGSNYNVLY,mTRAV10,mTRAJ21,19
AVTFQTGANTGKLT,mTRAV9D-3,mTRAJ52,18
AVTFQTGANTGKLT,mTRAV9D-1,mTRAJ52,18
AVSSTNMGYKLT,mTRAV9D-1,mTRAJ9,18
AVRRISSFSKLV,mTRAV7-5,mTRAJ50,18
ATDQDYQLI,mTRAV8-2,mTRAJ33,18
ALWNNNAPR,mTRAV6D-6,mTRAJ43,18
ALSRAPGSSGQKLV,mTRAV6D-5,mTRAJ16,18
ALGSNTGYQNFY,mTRAV9D-4,mTRAJ49,18
ALGRHNYGSSGNKLI,mTRAV6D-6,mTRAJ32,18
AASGAGANTGKLT,mTRAV14-3,mTRAJ52,18
AASAGSSGSWQLI,mTRAV14-3,mTRAJ22,18
AARVFLSNSGGSNYKLT,mTRAV14-3,mTRAJ53,18
AVSTRGSALGRLH,mTRAV7-6,mTRAJ18,17
AVRVSGGSNYKLT,mTRAV9D-1,mTRAJ53,17
AVKMNYNQGKLI,mTRAV7D-5,mTRAJ23,17
AVKAPNNYAQGLT,mTRAV9D-1,mTRAJ26,17
ASNSAGNKLT,mTRAV7D-3,mTRAJ17,17
ALSLSPGTGGYKVV,mTRAV6-7/DV9,mTRAJ12,17
ALSDPQSSGSWQLI,mTRAV12D-3,mTRAJ22,17
ALRGLASNTNKVV,mTRAV6-7/DV9,mTRAJ34,17
ALGEEDTNTGKLT,mTRAV6D-6,mTRAJ27,17
ALAPSYNVLY,mTRAV6D-6,mTRAJ21,17
AASPSFNSAGNKLT,mTRAV5D-4,mTRAJ17,17
AASGTGNYKYV,mTRAV14-3,mTRAJ40,17
AALNQGGSAKLI,mTRAV14-3,mTRAJ57,17
AAIDNVLY,mTRAV10D,mTRAJ21,17
VPLNQGGSAKLI,mTRAV9D-1,mTRAJ57,16
AYYYGNEKIT,mTRAV6D-5,mTRAJ48,16
AVSERENTGKLT,mTRAV9D-4,mTRAJ27,16
AVSAMDSNYQLI,mTRAV3D-3,mTRAJ33,16
AVPSATSNTNKVV,mTRAV7-5,mTRAJ34,16
AVKRETGGYKVV,mTRAV9D-3,mTRAJ12,16
AVGSKTGYQNFY,mTRAV9D-4,mTRAJ49,16
ATGAHYNNAPR,mTRAV8D-1,mTRAJ43,16
ARLDPYYGNEKIT,mTRAV6D-5,mTRAJ48,16
APHTRYSNNRIF,mTRAV12-1,mTRAJ31,16
AMREGHQGGSAKLI,mTRAV16D/DV11,mTRAJ57,16
AMREGHNNNNAPR,mTRAV16D/DV11,mTRAJ43,16
ALSDTGYAGAKLT,mTRAV6-7/DV9,mTRAJ39,16
ALGEAGANTGKLT,mTRAV6D-6,mTRAJ52,16
AATTASLGKLQ,mTRAV7D-2,mTRAJ24,16
AASSFSNYQLI,mTRAV10,mTRAJ33,16
AASMQNSNNRIF,mTRAV7D-2,mTRAJ31,16
AASGWGRGSALGRLH,mTRAV5D-4,mTRAJ18,16
AAKKGWDSNYQLI,mTRAV14-2,mTRAJ33,16
AADNNAYKVI,mTRAV14-3,mTRAJ30,16
VLSAPSGSWQLI,mTRAV9D-1,mTRAJ22,15
VLGDTTGYQNFY,mTRAV9D-3,mTRAJ49,15
VLGDTTGYQNFY,mTRAV9D-1,mTRAJ49,15
AVSLFNTNKVV,mTRAV3D-3,mTRAJ34,15
AVGGGSGNKLI,mTRAV7D-6,mTRAJ32,15
AVGGFGTGNYKYV,mTRAV9D-4,mTRAJ40,15
ARTPGGNNKLT,mTRAV9D-3,mTRAJ56,15
AMTLAYQGGRALI,mTRAV6-7/DV9,mTRAJ15,15
AMRDIGPGGYKVV,mTRAV6-7/DV9,mTRAJ12,15
AMGHNVLY,mTRAV13D-3,mTRAJ21,15
ALTLAYQGGRALI,mTRAV12D-3,mTRAJ15,15
ALSEVNTGNYKYV,mTRAV12D-2,mTRAJ40,15
ALSDASSGSWQLI,mTRAV6D-6,mTRAJ22,15
ALRLLFNQGGSAKLI,mTRAV6D-5,mTRAJ57,15
ALQSYGNEKIT,mTRAV6-7/DV9,mTRAJ48,15
AAVTTASLGKLQ,mTRAV4D-4,mTRAJ24,15
AARGSTNAYKVI,mTRAV14-3,mTRAJ30,15
AAKHGNNNAPR,mTRAV14-3,mTRAJ43,15
AAGPSSSFSKLV,mTRAV4D-4,mTRAJ50,15
AAASNNNAGAKLT,mTRAV19,mTRAJ39,15
VPLNQGGSAKLI,mTRAV9D-3,mTRAJ57,14
VLGDRINNRIF,mTRAV6-1,mTRAJ31,14
VDNNRIF,mTRAV4D-4,mTRAJ31,14
ILRHSYPSSSFSKLV,mTRAV21/DV12,mTRAJ50,14
AVRVNYNQGKLI,mTRAV1,mTRAJ23,14
AVPPLASSSFSKLV,mTRAV6-7/DV9,mTRAJ50,14
AVNWTGGYKVV,mTRAV9D-3,mTRAJ12,14
AVARGNMGYKLT,mTRAV7D-3,mTRAJ9,14
APYYQNFY,mTRAV14-3,mTRAJ49,14
APPNTGGLSGKLT,mTRAV14-3,mTRAJ2,14
APINTGKLT,mTRAV6D-5,mTRAJ27,14
AMTPGLNSGGSNAKLT,mTRAV13D-3,mTRAJ42,14
AMGCNVLY,mTRAV13D-3,mTRAJ21,14
ALTSPYQGGRALI,mTRAV12D-3,mTRAJ15,14
ALTFGGAGAKLT,mTRAV12D-1,mTRAJ39,14
ALSGWAGNYKYV,mTRAV12D-3,mTRAJ40,14
ALGRETNAYKVI,mTRAV6D-6,mTRAJ30,14
AISDLPGTGSNRLT,mTRAV13-2,mTRAJ28,14
AAVPNADRLT,mTRAV14-3,mTRAJ45,14
AASGSASSGSWQLI,mTRAV14-2,mTRAJ22,14
AASAGGGNNKLT,mTRAV5D-4,mTRAJ56,14
AARKVGADRLT,mTRAV9D-4,mTRAJ45,14
AAQSPGNTGKLI,mTRAV7D-4,mTRAJ37,14
AAPNQGGSAKLI,mTRAV14-3,mTRAJ57,14
AAKKGWDSNYQLI,mTRAV14D-3/DV8,mTRAJ33,14
AAGWNSNNRIF,mTRAV4D-4,mTRAJ31,14
AAGSSNTNKVV,mTRAV7-3,mTRAJ34,14
VLTGGYVGDNSKLI,mTRAV9D-1,mTRAJ38,13
VLSAPSGSWQLI,mTRAV9D-3,mTRAJ22,13
VLRPPAYQGGRALI,mTRAV9D-3,mTRAJ15,13
VLGNNNAGAKLT,mTRAV9D-3,mTRAJ39,13
ILRVGDTGYQNFY,mTRAV21/DV12,mTRAJ49,13
AVTFPNAGAKLT,mTRAV9D-1,mTRAJ39,13
AVSAWRTGGYKVV,mTRAV9D-1,mTRAJ12,13
AVGTSTGYQNFY,mTRAV9D-4,mTRAJ49,13
AMRDPGTGSNRLT,mTRAV6-7/DV9,mTRAJ28,13
ALSPWGSSGNKLI,mTRAV6-7/DV9,mTRAJ32,13
ALSEPSGYNKLT,mTRAV12D-2,mTRAJ11,13
ALSDLYAYKVI,mTRAV12D-2,mTRAJ30,13
ALSARGGYKLT,mTRAV6D-5,mTRAJ9,13
ALRPYGSSGNKLI,mTRAV9D-3,mTRAJ32,13
ALRAINTGNYKYV,mTRAV12D-3,mTRAJ40,13
ALGEYDAGAKLT,mTRAV6D-6,mTRAJ39,13
ALGDLAYKVI,mTRAV6D-6,mTRAJ30,13
AHTNSAGNKLT,mTRAV6-7/DV9,mTRAJ17,13
AASRENNRIF,mTRAV14-2,mTRAJ31,13
AASEQGYQNFY,mTRAV7D-2,mTRAJ49,13
AARSPNTNKVV,mTRAV7-3,mTRAJ34,13
AARPSNTNKVV,mTRAV7-3,mTRAJ34,13
AARDSNNRIF,mTRAV7D-4,mTRAJ31,13
AAQYMSNYNVLY,mTRAV3-3,mTRAJ21,13
AAPSNMGYKLT,mTRAV13-2,mTRAJ9,13
AAGDNNNAPR,mTRAV4D-4,mTRAJ43,13
VRLSGGNYKPT,mTRAV9D-3,mTRAJ6,12
VLSAGTGYQNFY,mTRAV9D-4,mTRAJ49,12
VDNYNQGKLI,mTRAV9D-3,mTRAJ23,12
AVTFQTGANTGKLT,mTRAV6-7/DV9,mTRAJ52,12
AVSKVGGGSNYKLT,mTRAV9D-1,mTRAJ53,12
AVSAWNTEGADRLT,mTRAV7D-5,mTRAJ45,12
AVSAGNSNNRIF,mTRAV9D-1,mTRAJ31,12
AVRRVGADRLT,mTRAV9D-4,mTRAJ45,12
AVGPNTGYQNFY,mTRAV9D-1,mTRAJ49,12
ATDAHYDNAPR,mTRAV8D-1,mTRAJ43,12
ALVSSTSSGQKLV,mTRAV6-5,mTRAJ16,12
ALVEPVSNNRIF,mTRAV6-7/DV9,mTRAJ31,12
ALSWAGNYKYV,mTRAV6-7/DV9,mTRAJ40,12
ALSPYRIF,mTRAV6D-5,mTRAJ31,12
ALSPSSSFSKLV,mTRAV12D-1,mTRAJ50,12
ALSGWTGNYKYV,mTRAV12D-1,mTRAJ40,12
ALSARINAYKVI,mTRAV12D-2,mTRAJ30,12
ALIDTGKLT,mTRAV6D-5,mTRAJ27,12
ALGGPWRNYNVLY,mTRAV6-7/DV9,mTRAJ21,12
ALGDKTNTGKLT,mTRAV6-7/DV9,mTRAJ27,12
ALGDGTYTGKLT,mTRAV6-7/DV9,mTRAJ27,12
AAVPSGTGSNRLT,mTRAV4D-3,mTRAJ28,12
AATGTNAYKVI,mTRAV14D-3/DV8,mTRAJ30,12
AASYNQGKLI,mTRAV10,mTRAJ23,12
AASRENNRIF,mTRAV14D-1,mTRAJ31,12
AASKRNMGYKLT,mTRAV7D-4,mTRAJ9,12
AASKRNMGYKLT,mTRAV7-6,mTRAJ9,12
AASCPEASGSWQLI,mTRAV5D-4,mTRAJ22,12
AARVLNSNNRIF,mTRAV14-3,mTRAJ31,12
AARRVQPNKVV,mTRAV14D-1,mTRAJ34,12
AARGTNSGGSNAKLT,mTRAV14D-3/DV8,mTRAJ42,12
AAGDLPGTGSNRLT,mTRAV4D-3,mTRAJ28,12
VVGSNTGYQNFY,mTRAV9D-4,mTRAJ49,11
VPEDSGTYQR,mTRAV7D-4,mTRAJ13,11
SASKTPTGNTGKLI,mTRAV5-1,mTRAJ37,11
ILEGYIGNYAQGLT,mTRAV21/DV12,mTRAJ26,11
GTNTGKLT,mTRAV13D-3,mTRAJ27,11
AVSARNNNAPR,mTRAV6-7/DV9,mTRAJ43,11
AVGSNTGYQNFY,mTRAV9D-3,mTRAJ49,11
AMRVGNNRIF,mTRAV6-7/DV9,mTRAJ31,11
AMRGLASSGSWQLI,mTRAV16D/DV11,mTRAJ22,11
AMGYDVLY,mTRAV13D-3,mTRAJ21,11
AMGGSSGNKLI,mTRAV7D-6,mTRAJ32,11
ALVQRWGGRALI,mTRAV6D-5,mTRAJ15,11
ALSVDYGSSGNKLI,mTRAV12D-3,mTRAJ32,11
ALSLIYSNNRIF,mTRAV6-7/DV9,mTRAJ31,11
ALSGWTGNYKYV,mTRAV12-1,mTRAJ40,11
ALSEPLSNTNKVV,mTRAV12D-2,mTRAJ34,11
ALRMYSNYQLI,mTRAV6D-5,mTRAJ33,11
ALRMDSNYQLI,mTRAV6-7/DV9,mTRAJ33,11
ALRFNMGYKLT,mTRAV6D-5,mTRAJ9,11
ALRDRGYAQGLT,mTRAV12D-3,mTRAJ26,11
ALRALNTGNYKYV,mTRAV12D-3,mTRAJ40,11
ALHGNYGSSGNKLI,mTRAV9D-4,mTRAJ32,11
ALGRATNAYKVI,mTRAV6D-6,mTRAJ30,11
ALGLSGGSNAKLT,mTRAV6D-6,mTRAJ42,11
ALGGGTNTGKLT,mTRAV6D-5,mTRAJ27,11
ALGEREIPGSWQLI,mTRAV6-7/DV9,mTRAJ22,11
ALGDVAKARIF,mTRAV6D-6,mTRAJ31,11
AISDLPGTGSNRLT,mTRAV13D-3,mTRAJ28,11
AISDLPGTGSNRLT,mTRAV13D-1,mTRAJ28,11
AASRHYGSSGNKLI,mTRAV14-3,mTRAJ32,11
AASIGGSNAKLT,mTRAV7D-2,mTRAJ42,11
AASEQGNTNKVV,mTRAV7D-4,mTRAJ34,11
AASAGNNRIF,mTRAV14D-1,mTRAJ31,11
AASAGNNRIF,mTRAV14-2,mTRAJ31,11
AARANSAGNKLT,mTRAV7D-2,mTRAJ17,11
AANYGNEKIT,mTRAV14-3,mTRAJ48,11
AAGSNNNAPR,mTRAV4D-4,mTRAJ43,11
AAEATTGYQNFY,mTRAV4D-4,mTRAJ49,11
VRLSGGNYKPT,mTRAV9D-1,mTRAJ6,10
VLSPVLSGGSNAKLT,mTRAV9D-1,mTRAJ42,10
VLSAGAGNYKYV,mTRAV9D-3,mTRAJ40,10
VLSAGAGNYKYV,mTRAV9D-1,mTRAJ40,10
VAGYGSSGNKLI,mTRAV11,mTRAJ32,10
AVTPMNYNQGKLI,mTRAV7-6,mTRAJ23,10
AVSPPHNNNAPR,mTRAV7-5,mTRAJ43,10
AVSDYGGANTGKLT,mTRAV6-7/DV9,mTRAJ52,10
AVSAPSGSWQLI,mTRAV9D-1,mTRAJ22,10
AVKAPNNYAQGLT,mTRAV9D-3,mTRAJ26,10
AVGSTTGYQNFY,mTRAV9D-4,mTRAJ49,10
AVEYYAQGLT,mTRAV9D-3,mTRAJ26,10
ASNSAGNKLT,mTRAV7-6,mTRAJ17,10
AMERMGNNKLT,mTRAV13D-3,mTRAJ56,10
ALTFGGAGAKLT,mTRAV12D-2,mTRAJ39,10
ALSRPRNSNNRIF,mTRAV6-1,mTRAJ31,10
ALSERNNNAGAKLT,mTRAV15-2/DV6-2,mTRAJ39,10
ALRFNMGYKLT,mTRAV6-7/DV9,mTRAJ9,10
ALRARNTGNYKYV,mTRAV12D-3,mTRAJ40,10
ALKMDSNYQLI,mTRAV6-7/DV9,mTRAJ33,10
ALGGSGGGLSGKLT,mTRAV6D-6,mTRAJ2,10
ALGASNTNKVV,mTRAV6D-6,mTRAJ34,10
ALAVRNNNAPR,mTRAV17,mTRAJ43,10
AGGGANTGKLT,mTRAV14-3,mTRAJ52,10
AEFLSPTGNTGKLI,mTRAV7-5,mTRAJ37,10
AAYYQNFY,mTRAV14D-3/DV8,mTRAJ49,10
AASEEGTNKVV,mTRAV5D-4,mTRAJ34,10
AASAEFAGYQNFY,mTRAV14-3,mTRAJ49,10
AARVLPGTGSNRLT,mTRAV7D-2,mTRAJ28,10
AARMNYNQGKLI,mTRAV7D-4,mTRAJ23,10
AARIGGNNKLT,mTRAV14-2,mTRAJ56,10
AAKYNQGKLI,mTRAV14D-1,mTRAJ23,10
AAESRGSNAKLT,mTRAV14-3,mTRAJ42,10
VVGADTNTGKLT,mTRAV11,mTRAJ27,9
VLTGGYVGDNSKLI,mTRAV9D-3,mTRAJ38,9
VLRGQGSSGNKLI,mTRAV9D-4,mTRAJ32,9
VLREQGGSGNKLI,mTRAV9D-4,mTRAJ32,9
GTNTGKLT,mTRAV13-4/DV7,mTRAJ27,9
EATGGNNKLT,mTRAV9D-1,mTRAJ56,9
AVYTNTGKLT,mTRAV7D-6,mTRAJ27,9
AVTYRNNRIF,mTRAV9D-1,mTRAJ31,9
AVSRYGSSGNKLI,mTRAV7-5,mTRAJ32,9
AVSMWRAGAKLT,mTRAV7-6,mTRAJ39,9
AVSHIGANYNVLY,mTRAV9D-1,mTRAJ21,9
AVSERGNAGKLT,mTRAV9D-4,mTRAJ27,9
AVSEGSNAKLT,mTRAV7D-3,mTRAJ42,9
AVSAPSGSWQLI,mTRAV6-7/DV9,mTRAJ22,9
AVRTQTNAYKVI,mTRAV9D-4,mTRAJ30,9
AVRKVDADRLT,mTRAV9D-4,mTRAJ45,9
AVPPLASSSFSKLV,mTRAV6D-5,mTRAJ50,9
ATSTSGGNYKPT,mTRAV8D-2,mTRAJ6,9
ATGNNNNAPR,mTRAV4D-4,mTRAJ43,9
APGSNAKLT,mTRAV13D-3,mTRAJ42,9
AMRVGTGGYKVV,mTRAV6-7/DV9,mTRAJ12,9
AMRGNTGNYKYV,mTRAV6-7/DV9,mTRAJ40,9
AMEQSASLGKLQ,mTRAV13D-4,mTRAJ24,9
ALTSNTGNYKYV,mTRAV6D-5,mTRAJ40,9
ALSWAGNYKYV,mTRAV6D-5,mTRAJ40,9
ALSVPPSSGSWQLI,mTRAV12D-3,mTRAJ22,9
ALSMTASSGQKLV,mTRAV6D-5,mTRAJ16,9
ALSARGPNKVV,mTRAV6D-5,mTRAJ34,9
ALRPKGYAQGLT,mTRAV12-1,mTRAJ26,9
ALREANYNVLY,mTRAV6D-5,mTRAJ21,9
ALPEGGGSALGRLH,mTRAV6D-6,mTRAJ18,9
ALGVRSNTNKVV,mTRAV6D-5,mTRAJ34,9
ALGSYGSSGNKLI,mTRAV9D-3,mTRAJ32,9
ALGNYGGSNYKLT,mTRAV6D-6,mTRAJ53,9
ALGLSNGNYKYV,mTRAV9D-3,mTRAJ40,9
ALGFSGTGFASALT,mTRAV6D-6,mTRAJ35,9
ALGEGGGYNSAGNKLT,mTRAV6D-6,mTRAJ17,9
ALGDPMDYNQGKLI,mTRAV6-7/DV9,mTRAJ23,9
ALFYQGGRALI,mTRAV12D-3,mTRAJ15,9
AIGANYGNEKIT,mTRAV13-2,mTRAJ48,9
AIDTNTGKLT,mTRAV13-2,mTRAJ27,9
AIDQGTNTGKLT,mTRAV13D-3,mTRAJ27,9
AHTNSAGNKLT,mTRAV6D-4,mTRAJ17,9
AEGSNTGYQNFY,mTRAV9D-4,mTRAJ49,9
AAYYQNFY,mTRAV14D-1,mTRAJ49,9
AASVDTNAYKVI,mTRAV14-3,mTRAJ30,9
AASRAGGNYKPT,mTRAV14D-1,mTRAJ6,9
AASNEATGGNNKLT,mTRAV14-3,mTRAJ56,9
AASMDTNTGKLT,mTRAV7D-2,mTRAJ27,9
AASGRDGDNSKLI,mTRAV5D-4,mTRAJ38,9
AASETNAYKVI,mTRAV7D-4,mTRAJ30,9
AASEPWPSGTYQR,mTRAV7D-4,mTRAJ13,9
AASAPGWQLI,mTRAV14-3,mTRAJ22,9
AARNSNNRIF,mTRAV5D-4,mTRAJ31,9
AAPSNMGYKLT,mTRAV13D-3,mTRAJ9,9
AAPSNMGYKLT,mTRAV13D-1,mTRAJ9,9
AAEKGSNYKLT,mTRAV4D-3,mTRAJ53,9
VLSPVLSGGSNAKLT,mTRAV9D-3,mTRAJ42,8
VLSGGGYQNFY,mTRAV9D-3,mTRAJ49,8
VLINTGKLT,mTRAV6D-5,mTRAJ27,8
VLGEQGSSGNKLI,mTRAV9D-4,mTRAJ32,8
GGGFPGGNYKPT,mTRAV12-1,mTRAJ6,8
AVYTGYQNFY,mTRAV7-5,mTRAJ49,8
AVWGSSGNKLI,mTRAV7-6,mTRAJ32,8
AVSLYNTNKVV,mTRAV3D-3,mTRAJ34,8
AVSERGDTGKLT,mTRAV9D-4,mTRAJ27,8
AVSEDTNAYKVI,mTRAV9D-1,mTRAJ30,8
AVSARGTGYQNFY,mTRAV9D-1,mTRAJ49,8
AVSAGAGNYKYV,mTRAV6-7/DV9,mTRAJ40,8
AVRGSSGNKLI,mTRAV7-6,mTRAJ32,8
AVINNNNAPR,mTRAV9D-1,mTRAJ43,8
AVILSNTNKVV,mTRAV3D-3,mTRAJ34,8
AVGTNTGYQNFY,mTRAV9D-1,mTRAJ49,8
AVGRSSGNKLI,mTRAV7-6,mTRAJ32,8
ATGYNVLY,mTRAV13D-3,mTRAJ21,8
ATDEANTNKVV,mTRAV8D-2,mTRAJ34,8
ATDAHYSNAPR,mTRAV8D-1,mTRAJ43,8
ATDAHCNNAPR,mTRAV8D-1,mTRAJ43,8
ARTPGGNNKLT,mTRAV6-7/DV9,mTRAJ56,8
APEDAGTYQR,mTRAV7D-4,mTRAJ13,8
AMSDRGGGSAKLI,mTRAV6-7/DV9,mTRAJ57,8
ALVSFSGGNYKPT,mTRAV6-7/DV9,mTRAJ6,8
ALSMTASSGQKLV,mTRAV6-7/DV9,mTRAJ16,8
ALSGMNGSSGNKLI,mTRAV6-7/DV9,mTRAJ32,8
ALRVYGSSGNKLI,mTRAV9D-3,mTRAJ32,8
ALRTDSNYQLI,mTRAV6-7/DV9,mTRAJ33,8
ALRPKGYAQGLT,mTRAV12D-1,mTRAJ26,8
ALREANYNVLY,mTRAV6-7/DV9,mTRAJ21,8
ALRDSNNRIF,mTRAV12D-3,mTRAJ31,8
ALINAGKLT,mTRAV6D-5,mTRAJ27,8
ALGNTGGYKVV,mTRAV12D-2,mTRAJ12,8
AIDQGTNTGKLT,mTRAV13D-2,mTRAJ27,8
AFSSTQGTGSKLS,mTRAV12D-2,mTRAJ58,8
AAVPRRTGNYKYV,mTRAV4D-3,mTRAJ40,8
AATGTNAYKVI,mTRAV14-2,mTRAJ30,8
AASYNNNAPR,mTRAV5D-4,mTRAJ43,8
AASWGLNTNKVV,mTRAV14-3,mTRAJ34,8
AASSPGTGGYKVV,mTRAV10,mTRAJ12,8
AASRENNRIF,mTRAV14D-3/DV8,mTRAJ31,8
AASRAGGNYKPT,mTRAV14-2,mTRAJ6,8
AASPPSWQLI,mTRAV14-3,mTRAJ22,8
AASGTGANTGKLT,mTRAV14-2,mTRAJ52,8
AASGFSNYQLI,mTRAV10,mTRAJ33,8
AASEPNNAGAKLT,mTRAV7D-4,mTRAJ39,8
AASDGTNTGKLT,mTRAV14-3,mTRAJ27,8
AASAVGSAGNKLT,mTRAV14-2,mTRAJ17,8
AASARTTGYQNFY,mTRAV14-3,mTRAJ49,8
AASAPPQGGRALI,mTRAV14D-1,mTRAJ15,8
AASAPPQGGRALI,mTRAV14-2,mTRAJ15,8
AASAPGYQNFY,mTRAV14-3,mTRAJ49,8
AARVQTNAYKVI,mTRAV9D-4,mTRAJ30,8
AARILNNNAPR,mTRAV14-3,mTRAJ43,8
AANRSSGSWQLI,mTRAV7D-2,mTRAJ22,8
AAKNSANTGKLT,mTRAV14-3,mTRAJ27,8
AAKLANSGGSNAKLT,mTRAV14-3,mTRAJ42,8
AAFGNNNAPR,mTRAV7D-4,mTRAJ43,8
AAEPALRNSNNRIF,mTRAV4D-4,mTRAJ31,8
VVGLDRGSALGRLH,mTRAV11,mTRAJ18,7
VLSTGNYKYV,mTRAV9D-3,mTRAJ40,7
VLSTGNYKYV,mTRAV9D-1,mTRAJ40,7
VLSSSNMGYKLT,mTRAV9D-3,mTRAJ9,7
VLSLAGNTGKLI,mTRAV9D-1,mTRAJ37,7
VLSGPGNTGKLI,mTRAV9D-1,mTRAJ37,7
VLGWNTGNYKYV,mTRAV9D-3,mTRAJ40,7
VLGDRSNNRIF,mTRAV6-7/DV9,mTRAJ31,7
AVVGSSGNKLI,mTRAV7-6,mTRAJ32,7
AVTYRNNRIF,mTRAV9D-3,mTRAJ31,7
AVSPSLGYQNFY,mTRAV9D-1,mTRAJ49,7
AVSNNNNAPR,mTRAV9D-4,mTRAJ43,7
AVSMWRSNAKLT,mTRAV7D-3,mTRAJ42,7
AVSLNSNNRIF,mTRAV9D-1,mTRAJ31,7
AVRRGPTNTNKVV,mTRAV9D-4,mTRAJ34,7
AVRAQTNAYKVI,mTRAV9D-4,mTRAJ30,7
AVPPSGGNYKPT,mTRAV7D-4,mTRAJ6,7
AVGTDTGYQNFY,mTRAV9D-4,mTRAJ49,7
AVGSNTGYQNFY,mTRAV9D-1,mTRAJ49,7
ATDSGTYQR,mTRAV12-1,mTRAJ13,7
ARGYNVLY,mTRAV13D-3,mTRAJ21,7
AMRWSNYQLI,mTRAV6-7/DV9,mTRAJ33,7
AMRMDSNYQLI,mTRAV6D-5,mTRAJ33,7
AMRGIYGNEKIT,mTRAV16D/DV11,mTRAJ48,7
ALSLIYSNNRIF,mTRAV6D-5,mTRAJ31,7
ALRSCGSSGNKLI,mTRAV9D-3,mTRAJ32,7
ALRPNAPR,mTRAV13D-1,mTRAJ43,7
ALRGGSSGNKLI,mTRAV12D-3,mTRAJ32,7
ALGPYGANTGKLT,mTRAV9D-3,mTRAJ52,7
ALGNTGGYKVV,mTRAV12-2,mTRAJ12,7
ALGMDYNQGKLI,mTRAV6D-5,mTRAJ23,7
ALGGPWRNYNVLY,mTRAV6D-5,mTRAJ21,7
ALGEREIFGSWQLI,mTRAV6-7/DV9,mTRAJ22,7
ALGDNSNNRIF,mTRAV6D-6,mTRAJ31,7
ALGDGTNTGKLT,mTRAV6-1,mTRAJ27,7
ALEDPYYQGGRALI,mTRAV13D-2,mTRAJ15,7
ALDEREISGSWQLI,mTRAV6-7/DV9,mTRAJ22,7
AIVPASSGSWQLI,mTRAV13-2,mTRAJ22,7
AFINTGKLT,mTRAV6D-5,mTRAJ27,7
AASSTASLGKLQ,mTRAV7D-4,mTRAJ24,7
AASPPGYKYV,mTRAV14D-3/DV8,mTRAJ40,7
AASKASSGQKLV,mTRAV14-3,mTRAJ16,7
AASGNYNVLY,mTRAV14-3,mTRAJ21,7
AASAVNTGYQNFY,mTRAV5D-4,mTRAJ49,7
AARRRPTNTNKVV,mTRAV9D-4,mTRAJ34,7
AARNNNNAPR,mTRAV4D-4,mTRAJ43,7
AARGGAYKVI,mTRAV14-3,mTRAJ30,7
AAKSSGSWQLI,mTRAV14-3,mTRAJ22,7
AAIYTGNYKYV,mTRAV7D-2,mTRAJ40,7
AAIPASNTNKVV,mTRAV7D-2,mTRAJ34,7
AAGVATGGNNKLT,mTRAV9D-3,mTRAJ56,7
AAEATSGGNYKPT,mTRAV4D-3,mTRAJ6,7
AAAPAIGRIF,mTRAV14-3,mTRAJ31,7
VVGHGSSGNKLI,mTRAV11,mTRAJ32,6
VLSSTNMGYKLT,mTRAV6-7/DV9,mTRAJ9,6
VLGSTNMGYKLT,mTRAV9D-4,mTRAJ9,6
VLAGGYVGDNSKLI,mTRAV9D-3,mTRAJ38,6
VDNYNQGKLI,mTRAV9D-1,mTRAJ23,6
VARSSNTNKVV,mTRAV7-3,mTRAJ34,6
TVGGSSGNKLI,mTRAV7D-6,mTRAJ32,6
TARSSNTNKVV,mTRAV7-3,mTRAJ34,6
AVTYRNNRIF,mTRAV6D-5,mTRAJ31,6
AVTYRNNRIF,mTRAV6-7/DV9,mTRAJ31,6
AVTRGNAYKVI,mTRAV9D-3,mTRAJ30,6
AVTFPNAGAKLT,mTRAV9D-3,mTRAJ39,6
AVSSPSNTNKVV,mTRAV9D-1,mTRAJ34,6
AVSMWRMGAKLT,mTRAV7-6,mTRAJ39,6
AVSEGPGYQNFY,mTRAV9D-1,mTRAJ49,6
AVSDRTTASLGKLQ,mTRAV9D-4,mTRAJ24,6
AVSAPGGGYKVV,mTRAV9D-1,mTRAJ12,6
AVSAGYNAGAKLT,mTRAV9D-4,mTRAJ39,6
AVRKVGTDRLT,mTRAV9D-4,mTRAJ45,6
AVRDMSNYNVLY,mTRAV1,mTRAJ21,6
AVRAESGNKLI,mTRAV9D-4,mTRAJ32,6
AVGWSSGNKLI,mTRAV7-6,mTRAJ32,6
AVGSHTGYQNFY,mTRAV9D-4,mTRAJ49,6
AVERSAGNKLT,mTRAV7-1,mTRAJ17,6
ATRSSNTNKVV,mTRAV7-3,mTRAJ34,6
ATPRAGNYKYV,mTRAV8D-1,mTRAJ40,6
ATDTHYNNAPR,mTRAV8D-1,mTRAJ43,6
ASNSAGNKLT,mTRAV7D-2,mTRAJ17,6
APGSNAKLT,mTRAV13-2,mTRAJ42,6
APENSGTYQR,mTRAV7-6,mTRAJ13,6
APEGYGNEKIT,mTRAV14D-1,mTRAJ48,6
AMSDLPGTGSNRLT,mTRAV13-2,mTRAJ28,6
ALVRDTNAYKVI,mTRAV6-7/DV9,mTRAJ30,6
ALVDANSGGSNYKLT,mTRAV6-7/DV9,mTRAJ53,6
ALTFGGAGAKLT,mTRAV12-1,mTRAJ39,6
ALSVTGYQNFY,mTRAV12D-2,mTRAJ49,6
ALSRNNNNAPR,mTRAV6-7/DV9,mTRAJ43,6
ALSGASNAYKVI,mTRAV6-7/DV9,mTRAJ30,6
ALRSSGGNYKPT,mTRAV12D-3,mTRAJ6,6
ALRMNSNYQLI,mTRAV6-7/DV9,mTRAJ33,6
ALQNTGYQNFY,mTRAV6D-5,mTRAJ49,6
ALGVHDSGYNKLT,mTRAV6D-6,mTRAJ11,6
ALGSWGNNRIF,mTRAV6D-6,mTRAJ31,6
ALGRNNYAQGLT,mTRAV6-7/DV9,mTRAJ26,6
ALGPNTNTGKLT,mTRAV6-7/DV9,mTRAJ27,6
ALGNTGGYKVV,mTRAV12D-1,mTRAJ12,6
ALGNTGGYKVV,mTRAV12-1,mTRAJ12,6
ALGDGTDTGKLT,mTRAV6D-5,mTRAJ27,6
ALDLPGTGSNRLT,mTRAV12D-2,mTRAJ28,6
AIDTNTGKLT,mTRAV13D-3,mTRAJ27,6
AIDQGTNTGKLT,mTRAV13D-1,mTRAJ27,6
AHSNKGGNTGKLI,mTRAV6D-5,mTRAJ37,6
AGWHNNAGAKLT,mTRAV9D-1,mTRAJ39,6
AGSNSGGSNAKLT,mTRAV7-3,mTRAJ42,6
AAVPRRAGNYKYV,mTRAV4D-4,mTRAJ40,6
AATSYGSSGNKLI,mTRAV14-2,mTRAJ32,6
AASYTGYQNFY,mTRAV5D-4,mTRAJ49,6
AASWAEGADRLT,mTRAV10D,mTRAJ45,6
AASRDTNAYKVI,mTRAV14-3,mTRAJ30,6
AASNMGYKLT,mTRAV4D-3,mTRAJ9,6
AASDLVQGGRALI,mTRAV7D-4,mTRAJ15,6
AASAPPQGGRALI,mTRAV14D-3/DV8,mTRAJ15,6
AASAFSNNRIF,mTRAV14-3,mTRAJ31,6
AAIERGVSNYNVLY,mTRAV7D-4,mTRAJ21,6
AAGGANTGKLT,mTRAV14-3,mTRAJ52,6
AAEDNNNAPR,mTRAV4D-3,mTRAJ43,6
AAAASSGSWQLI,mTRAV4D-4,mTRAJ22,6
VLSAQGSGTYQR,mTRAV9D-1,mTRAJ13,5
VLSAINTGNYKYV,mTRAV9D-3,mTRAJ40,5
VLRYTEGADRLT,mTRAV9D-3,mTRAJ45,5
AVTPCGSSGNKLI,mTRAV7-6,mTRAJ32,5
AVSRYGNNAPR,mTRAV9D-4,mTRAJ43,5
AVSMNTGNYKYV,mTRAV7D-4,mTRAJ40,5
AVSKVGGGSNYKLT,mTRAV9-3,mTRAJ53,5
AVSHIGANYNVLY,mTRAV6-7/DV9,mTRAJ21,5
AVSGRGNTGKLT,mTRAV9D-4,mTRAJ27,5
AVSGAGNYKYV,mTRAV9D-1,mTRAJ40,5
AVSESAGYQNFY,mTRAV9D-1,mTRAJ49,5
AVSEGGNTGKLT,mTRAV9D-4,mTRAJ27,5
AVSEDTNAYKVI,mTRAV6-7/DV9,mTRAJ30,5
AVSALRGNTGKLT,mTRAV7D-4,mTRAJ27,5
AVSAGNSNNRIF,mTRAV6-7/DV9,mTRAJ31,5
AVRVSGGSNYKLT,mTRAV6-7/DV9,mTRAJ53,5
AVRNNNNAPR,mTRAV9D-1,mTRAJ43,5
AVRKVSADRLT,mTRAV9D-4,mTRAJ45,5
AVRKVGSDRLT,mTRAV9D-4,mTRAJ45,5
AVGSYTGYQNFY,mTRAV9D-4,mTRAJ49,5
AVGNNNNAPR,mTRAV4D-4,mTRAJ43,5
AVERGSNYKLT,mTRAV4D-3,mTRAJ53,5
AVCNNNNAPR,mTRAV9D-1,mTRAJ43,5
ATGRDYQLI,mTRAV8-2,mTRAJ33,5
ATFTPGGNYKPT,mTRAV8D-2,mTRAJ6,5
ATDKTNTNKVV,mTRAV8D-2,mTRAJ34,5
ATDGTNTNKVV,mTRAV8D-2,mTRAJ34,5
ARLDPYYGNEKIT,mTRAV9D-4,mTRAJ48,5
ARGRGGNYKPT,mTRAV13D-3,mTRAJ6,5
APMDSNYQLI,mTRAV6D-5,mTRAJ33,5
APEDPGTYQR,mTRAV7D-4,mTRAJ13,5
APAGQSAGNKLT,mTRAV12D-3,mTRAJ17,5
AMTPGPNSGGSNAKLT,mTRAV13-4/DV7,mTRAJ42,5
AMRDWNTGYQNFY,mTRAV6-7/DV9,mTRAJ49,5
AMGTNTGYQNFY,mTRAV9D-4,mTRAJ49,5
AMERNSNNRIF,mTRAV13D-4,mTRAJ31,5
ALVRDTNAYKVI,mTRAV6D-4,mTRAJ30,5
ALSVWNAGAKLT,mTRAV12D-1,mTRAJ39,5
ALSRNVGDNSKLI,mTRAV6D-5,mTRAJ38,5
ALSRFSTNTGKLT,mTRAV6D-5,mTRAJ27,5
ALSGGNTGKLI,mTRAV13D-2,mTRAJ37,5
ALSELWDNRIF,mTRAV6-7/DV9,mTRAJ31,5
ALSDMSNYNVLY,mTRAV12D-2,mTRAJ21,5
ALRVYGSSGNKLI,mTRAV6D-7,mTRAJ32,5
ALRQGGSAKLI,mTRAV6D-5,mTRAJ57,5
ALRMVSNYQLI,mTRAV6D-5,mTRAJ33,5
ALRKDSNYQLI,mTRAV6D-5,mTRAJ33,5
ALRKASNTNKVV,mTRAV6-1,mTRAJ34,5
ALRGSNYQLI,mTRAV12D-2,mTRAJ33,5
ALISTGKLT,mTRAV6D-5,mTRAJ27,5
ALGSNYGNEKIT,mTRAV6-1,mTRAJ48,5
ALGLAGGSNAKLT,mTRAV6D-6,mTRAJ42,5
ALGEVPNQGKLI,mTRAV6D-6,mTRAJ23,5
ALGEREIYGSWQLI,mTRAV6-7/DV9,mTRAJ22,5
ALGEREISGSWQLI,mTRAV6-1,mTRAJ22,5
ALGEGFASALT,mTRAV6D-5,mTRAJ35,5
ALGEEYPNTNKVV,mTRAV6D-5,mTRAJ34,5
ALGEAGGNNKLT,mTRAV6D-6,mTRAJ56,5
ALGDWWTGNYKYV,mTRAV6D-6,mTRAJ40,5
ALGDGTNTGKLT,mTRAV6-2,mTRAJ27,5
ALGDEVSSAGNKLT,mTRAV6-7/DV9,mTRAJ17,5
AIDTGNYKYV,mTRAV13-2,mTRAJ40,5
AGFGGQQGTGSKLS,mTRAV14-3,mTRAJ58,5
AATLNSNNRIF,mTRAV7-6,mTRAJ31,5
AASVDTNAYKVI,mTRAV14D-1,mTRAJ30,5
AASPPGYKVV,mTRAV14D-3/DV8,mTRAJ12,5
AASPGYQNFY,mTRAV14-3,mTRAJ49,5
AASNTGNYKYV,mTRAV7D-2,mTRAJ40,5
AASKRNMGYKLT,mTRAV7-3,mTRAJ9,5
AASKANYNVLY,mTRAV10D,mTRAJ21,5
AASHDTNAYKVI,mTRAV7D-2,mTRAJ30,5
AASGYNQGKLI,mTRAV10,mTRAJ23,5
AASEIFAGNKLT,mTRAV14-3,mTRAJ17,5
AASEHGNTNTGKLT,mTRAV7D-4,mTRAJ27,5
AASDGSSGNKLI,mTRAV14-3,mTRAJ32,5
AARGTNSGGSNAKLT,mTRAV14-3,mTRAJ42,5
AARGFGTGNYKYV,mTRAV9D-4,mTRAJ40,5
AAGTNTGYQNFY,mTRAV9D-4,mTRAJ49,5
AAEVNYAQGLT,mTRAV14-3,mTRAJ26,5
AADSNNRIF,mTRAV14D-3/DV8,mTRAJ31,5
VVSYGSSGNKLI,mTRAV11,mTRAJ32,4
VVGNNYAQGLT,mTRAV11,mTRAJ26,4
VLSGGGYQNFY,mTRAV9D-1,mTRAJ49,4
VLPLVNTGNYKYV,mTRAV9D-3,mTRAJ40,4
VLGDRSYNRIF,mTRAV6-1,mTRAJ31,4
VLGDGGNYKYV,mTRAV6-1,mTRAJ40,4
VAGNNNNAPR,mTRAV4D-4,mTRAJ43,4
VAEAKSPGNTGKLI,mTRAV4D-4,mTRAJ37,4
TPEDSGTYQR,mTRAV7D-4,mTRAJ13,4
SAQSGNYNVLY,mTRAV5-1,mTRAJ21,4
IVTLNYNQGKLI,mTRAV2,mTRAJ23,4
GNNRIF,mTRAV13D-4,mTRAJ31,4
GGGFLGGNYKPT,mTRAV12-1,mTRAJ6,4
CALVSFSGGNYKPT,mTRAV12-3,mTRAJ6,4
AVTRGNAYKVI,mTRAV9D-1,mTRAJ30,4
AVTPMNYNQGKLI,mTRAV7D-2,mTRAJ23,4
AVSMWRSNAKLT,mTRAV7-6,mTRAJ42,4
AVSMWRAGAKLT,mTRAV7D-4,mTRAJ39,4
AVSMNTGNYKYV,mTRAV7D-3,mTRAJ40,4
AVSIQSNNRIF,mTRAV7-3,mTRAJ31,4
AVSEQTGGYKVV,mTRAV7-6,mTRAJ12,4
AVSEKDAYKVI,mTRAV9D-4,mTRAJ30,4
AVSAHSNNAPR,mTRAV9D-4,mTRAJ43,4
AVSAGSGNYKYV,mTRAV9D-1,mTRAJ40,4
AVRDFSNTNKVV,mTRAV9D-1,mTRAJ34,4
AVIGTGGYKVV,mTRAV7-3,mTRAJ12,4
AVGVSSGNKLI,mTRAV7-6,mTRAJ32,4
AVGSNAGYQNFY,mTRAV9D-4,mTRAJ49,4
AVGPNTGYQNFY,mTRAV9D-3,mTRAJ49,4
AVGESSGNKLI,mTRAV7D-6,mTRAJ32,4
AVGAYKVI,mTRAV9D-4,mTRAJ30,4
AVGAWNTEGADRLT,mTRAV7-5,mTRAJ45,4
AVEVSAGNKLT,mTRAV7-1,mTRAJ17,4
AVESNTGYQNFY,mTRAV9D-3,mTRAJ49,4
ATLTSGGNYKPT,mTRAV8D-2,mTRAJ6,4
ATDRNYQLI,mTRAV8-2,mTRAJ33,4
ATDETSTNKVV,mTRAV8D-2,mTRAJ34,4
ASNLPGTGSNRLT,mTRAV12D-2,mTRAJ28,4
APRMDSNYQLI,mTRAV6-7/DV9,mTRAJ33,4
APRMDSNYQLI,mTRAV6-1,mTRAJ33,4
AMTPGLNSGGSNAKLT,mTRAV13-1,mTRAJ42,4
AMSDLPGTGSNRLT,mTRAV13D-3,mTRAJ28,4
AMRDLSNTGANTGKLT,mTRAV16D/DV11,mTRAJ52,4
AMRDIGPGGYKVV,mTRAV6D-5,mTRAJ12,4
AMGDLPGTGSNRLT,mTRAV13D-2,mTRAJ28,4
AMEPAAEGADRLT,mTRAV13D-3,mTRAJ45,4
AMEPAAEGADRLT,mTRAV13-2,mTRAJ45,4
AMATASLGKLQ,mTRAV8D-1,mTRAJ24,4
ALWELATSGGNYKPT,mTRAV15D-1/DV6D-1,mTRAJ6,4
ALVSFSGGNYKPT,mTRAV6D-5,mTRAJ6,4
ALVRDTNAYKVI,mTRAV6-1,mTRAJ30,4
ALVGHGNSKLI,mTRAV12D-2,mTRAJ38,4
ALSRFSTNTGKLT,mTRAV6-7/DV9,mTRAJ27,4
ALSPRGGNYKYV,mTRAV6D-6,mTRAJ40,4
ALSMLHTNAYKVI,mTRAV6D-5,mTRAJ30,4
ALSMLHTNAYKVI,mTRAV6-7/DV9,mTRAJ30,4
ALSLSLGTGGYKVV,mTRAV6D-5,mTRAJ12,4
ALSGTGNYKYV,mTRAV12D-2,mTRAJ40,4
ALSFFSGGNNKLT,mTRAV6D-6,mTRAJ56,4
ALSDRERGKLI,mTRAV6-7/DV9,mTRAJ37,4
ALSDQNQGGSAKLI,mTRAV6D-7,mTRAJ57,4
ALSDGTNTGKLT,mTRAV6-1,mTRAJ27,4
ALSDDTNAYKVI,mTRAV12D-3,mTRAJ30,4
ALRSYGSSGNKLI,mTRAV9D-4,mTRAJ32,4
ALRPKGYAQGLT,mTRAV12-2,mTRAJ26,4
ALRGVYQGGRALI,mTRAV6-7/DV9,mTRAJ15,4
ALNIPGTGSNRLT,mTRAV12D-2,mTRAJ28,4
ALHGNYGSSGNKLI,mTRAV6-2,mTRAJ32,4
ALGVRSNTNKVV,mTRAV9D-4,mTRAJ34,4
ALGRHNYGSSGNKLI,mTRAV6-7/DV9,mTRAJ32,4
ALGPPSSNYQLI,mTRAV9D-3,mTRAJ33,4
ALGMSYNQGKLI,mTRAV6D-5,mTRAJ23,4
ALGINYNQGKLI,mTRAV6-7/DV9,mTRAJ23,4
ALGGSGGGLSGKLT,mTRAV6-7/DV9,mTRAJ2,4
ALGEKDYYAQGLT,mTRAV6D-6,mTRAJ26,4
ALGEGLRQGGRALI,mTRAV6D-6,mTRAJ15,4
ALGEGFASALT,mTRAV6-7/DV9,mTRAJ35,4
ALGEAGANTGKLT,mTRAV6-7/DV9,mTRAJ52,4
ALGDWKGGRALI,mTRAV6D-5,mTRAJ15,4
ALGDFWGNSNNRIF,mTRAV6D-6,mTRAJ31,4
ALGAGFASALT,mTRAV6-7/DV9,mTRAJ35,4
ALERYNQGKLI,mTRAV13-2,mTRAJ23,4
ALEQPSGSWQLI,mTRAV13D-2,mTRAJ22,4
ALDTGANTGKLT,mTRAV15-1/DV6-1,mTRAJ52,4
ALDTDTNKVV,mTRAV13D-1,mTRAJ34,4
ALDDAQGLT,mTRAV6-7/DV9,mTRAJ26,4
ALAPSYNVLY,mTRAV6-7/DV9,mTRAJ21,4
AIVPASSGSWQLI,mTRAV13D-3,mTRAJ22,4
AIELPGTGSNRLT,mTRAV13-2,mTRAJ28,4
AHEKIT,mTRAV9D-4,mTRAJ48,4
AESNNNNAPR,mTRAV9D-1,mTRAJ43,4
ADGNNNNAPR,mTRAV4D-4,mTRAJ43,4
AAVAPSGSWQLI,mTRAV4D-4,mTRAJ22,4
AATTGNYKYV,mTRAV14-3,mTRAJ40,4
AASVGNNRIF,mTRAV14D-3/DV8,mTRAJ31,4
AASTTGNYKYV,mTRAV14D-1,mTRAJ40,4
AASTTGNYKYV,mTRAV14-3,mTRAJ40,4
AASTTASLGKLQ,mTRAV7-6,mTRAJ24,4
AASTASSGSWQLI,mTRAV14-3,mTRAJ22,4
AASRTNAYKVI,mTRAV7D-4,mTRAJ30,4
AASRTGGYKVV,mTRAV14-3,mTRAJ12,4
AASRSQGKLI,mTRAV14-2,mTRAJ23,4
AASPTNAYKVI,mTRAV7-6,mTRAJ30,4
AASNNNNAPR,mTRAV9-2,mTRAJ43,4
AASMQGRDYAQGLT,mTRAV7-3,mTRAJ26,4
AASMFTNAYKVI,mTRAV7-6,mTRAJ30,4
AASGNNAGAKLT,mTRAV14-3,mTRAJ39,4
AASGLQQGTGSKLS,mTRAV14-3,mTRAJ58,4
AASDTNKVV,mTRAV14D-3/DV8,mTRAJ34,4
AASASSGSWQLI,mTRAV14-3,mTRAJ22,4
AASAQGGANTGKLT,mTRAV14D-1,mTRAJ52,4
AARTFRTGNYKYV,mTRAV10,mTRAJ40,4
AARPSNSGGSNAKLT,mTRAV14-3,mTRAJ42,4
AARAYKVI,mTRAV9D-4,mTRAJ30,4
AARASSGSWQLI,mTRAV7-6,mTRAJ22,4
AAPNQGGSAKLI,mTRAV14-2,mTRAJ57,4
AANYGNEKIT,mTRAV14-2,mTRAJ48,4
AAMPGSWQLI,mTRAV14-2,mTRAJ22,4
AAKLGNSGGSNAKLT,mTRAV14-3,mTRAJ42,4
AAKKENYKYV,mTRAV14-3,mTRAJ40,4
AAKAPNAYKVI,mTRAV4D-4,mTRAJ30,4
AAKAANSGGSNAKLT,mTRAV14-3,mTRAJ42,4
AAFNTGGNNKLT,mTRAV14D-3/DV8,mTRAJ56,4
AAFGGQQGTGSKLS,mTRAV14D-1,mTRAJ58,4
AAEDSNNRIF,mTRAV4D-3,mTRAJ31,4
AADTNAYKVI,mTRAV13D-4,mTRAJ30,4
VVGCGSSGNKLI,mTRAV11,mTRAJ32,3
VSSAGTGYQNFY,mTRAV9D-4,mTRAJ49,3
VSEGYGNEKIT,mTRAV14-3,mTRAJ48,3
VLSVTIGRALI,mTRAV9D-3,mTRAJ15,3
VLSPPIYQGGRALI,mTRAV6-7/DV9,mTRAJ15,3
VLSANNNRIF,mTRAV9D-3,mTRAJ31,3
VLSAGAGNYKYV,mTRAV9D-4,mTRAJ40,3
VLRYTEGADRLT,mTRAV9D-1,mTRAJ45,3
VLINTGKLT,mTRAV6-7/DV9,mTRAJ27,3
VLGGGTNTGKLT,mTRAV6-1,mTRAJ27,3
VLGGFYTGNYKYV,mTRAV6-1,mTRAJ40,3
VLGDTAGYQNFY,mTRAV9D-4,mTRAJ49,3
VLGDRCNNRIF,mTRAV6-1,mTRAJ31,3
VLGARSNNRIF,mTRAV6-1,mTRAJ31,3
VLAGGYVGDNSKLI,mTRAV9D-1,mTRAJ38,3
EATGGNNKLT,mTRAV9D-3,mTRAJ56,3
EATGGNNKLT,mTRAV6-7/DV9,mTRAJ56,3
EARSSNTNKVV,mTRAV7-3,mTRAJ34,3
DRGTGSKLS,mTRAV14-3,mTRAJ58,3
DAGNNNNAPR,mTRAV4D-4,mTRAJ43,3
AYYYGNEKIT,mTRAV9D-4,mTRAJ48,3
AYYYGNEKIT,mTRAV6-2,mTRAJ48,3
AVVGTGGYKVV,mTRAV7-6,mTRAJ12,3
AVTPSNSNNRIF,mTRAV9D-4,mTRAJ31,3
AVTPMNYNQGKLI,mTRAV7D-4,mTRAJ23,3
AVTPMNYNQGKLI,mTRAV7D-3,mTRAJ23,3
AVSYNNNAPR,mTRAV9D-1,mTRAJ43,3
AVSTNNNAPR,mTRAV9D-1,mTRAJ43,3
AVSSQAGNTGKLI,mTRAV7D-4,mTRAJ37,3
AVSSQAGNTGKLI,mTRAV7D-2,mTRAJ37,3
AVSRNTGNYKYV,mTRAV7D-5,mTRAJ40,3
AVSMNTGNYKYV,mTRAV7-6,mTRAJ40,3
AVSKVGGGSNYKLT,mTRAV6-7/DV9,mTRAJ53,3
AVSINNNAPR,mTRAV9D-1,mTRAJ43,3
AVSGNNNAPR,mTRAV9D-4,mTRAJ43,3
AVSGAGNYKYV,mTRAV6-7/DV9,mTRAJ40,3
AVSERGSTGKLT,mTRAV9D-4,mTRAJ27,3
AVSERENTGKLT,mTRAV9D-1,mTRAJ27,3
AVSEDTNAYKVI,mTRAV6D-5,mTRAJ30,3
AVSDRTTASLGKLQ,mTRAV9D-3,mTRAJ24,3
AVSASAGNYKYV,mTRAV9D-4,mTRAJ40,3
AVSAPSGSWQLI,mTRAV9-1,mTRAJ22,3
AVSAPGGGYKVV,mTRAV9D-4,mTRAJ12,3
AVSAGGAGYKLT,mTRAV3-3,mTRAJ9,3
AVSAASSFSKLV,mTRAV9D-1,mTRAJ50,3
AVRRRPTSTNKVV,mTRAV9D-4,mTRAJ34,3
AVRNTNTGKLT,mTRAV7-6,mTRAJ27,3
AVRKVDADRLT,mTRAV9D-1,mTRAJ45,3
AVRGGVSSGSWQLI,mTRAV7-3,mTRAJ22,3
AVRGFSNTNKVV,mTRAV9D-4,mTRAJ34,3
AVRDFSNTNKVV,mTRAV6-7/DV9,mTRAJ34,3
AVNNNNNAPR,mTRAV9D-4,mTRAJ43,3
AVNNNNNAPR,mTRAV9-2,mTRAJ43,3
AVKRRPTNTNKVV,mTRAV9D-4,mTRAJ34,3
AVKMNYNQGKLI,mTRAV7-5,mTRAJ23,3
AVKKVGADRLT,mTRAV9D-4,mTRAJ45,3
AVGYNVLY,mTRAV13D-3,mTRAJ21,3
AVGTNTGYQNFY,mTRAV9D-3,mTRAJ49,3
AVGSSTGYQNFY,mTRAV9D-1,mTRAJ49,3
AVGSNYNVLY,mTRAV7D-2,mTRAJ21,3
AVGSNYNVLY,mTRAV7-6,mTRAJ21,3
AVGMNTNTGKLT,mTRAV7-5,mTRAJ27,3
AVGIGNEKIT,mTRAV3D-3,mTRAJ48,3
AVGDYGGANTGKLT,mTRAV9D-4,mTRAJ52,3
AVESNTGYQNFY,mTRAV6-7/DV9,mTRAJ49,3
AVERGDTNAYKVI,mTRAV4D-3,mTRAJ30,3
AVEDYGNEKIT,mTRAV13-4/DV7,mTRAJ48,3
AVDSNTGYQNFY,mTRAV9D-3,mTRAJ49,3
ATVASSGSWQLI,mTRAV4D-4,mTRAJ22,3
ATNETNTNKVV,mTRAV8D-2,mTRAJ34,3
ATGNYGSSGNKLI,mTRAV8D-1,mTRAJ32,3
ATFASGGNYKPT,mTRAV8D-2,mTRAJ6,3
ATEGYAQGLA,mTRAV8D-2,mTRAJ26,3
ATEGCAQGLT,mTRAV8D-2,mTRAJ26,3
ATDSHYNNAPR,mTRAV8D-1,mTRAJ43,3
ATDSGTYQR,mTRAV12D-3,mTRAJ13,3
ATDSGTYQR,mTRAV12D-1,mTRAJ13,3
ATDRDHQLI,mTRAV8-2,mTRAJ33,3
ATDAHSNNAPR,mTRAV8D-1,mTRAJ43,3
ASVASSGSWQLI,mTRAV4D-4,mTRAJ22,3
ASSSAGNKLT,mTRAV7-3,mTRAJ17,3
APYNVGDNSKLI,mTRAV7D-6,mTRAJ38,3
APRSYGSSGNKLI,mTRAV9D-3,mTRAJ32,3
APRHNTGNYKYV,mTRAV7D-2,mTRAJ40,3
APLRGSSGNKLI,mTRAV8D-1,mTRAJ32,3
APGSNTNTGKLT,mTRAV6-7/DV9,mTRAJ27,3
APGDGTNTGKLT,mTRAV6-7/DV9,mTRAJ27,3
APEGSGTYQR,mTRAV7D-4,mTRAJ13,3
APEDYGTYQR,mTRAV7D-4,mTRAJ13,3
APAGTNAYKVI,mTRAV6D-5,mTRAJ30,3
AMWYNVLY,mTRAV13D-3,mTRAJ21,3
AMTTAGLGKLQ,mTRAV8D-1,mTRAJ24,3
AMTLAYQGGRALI,mTRAV6D-5,mTRAJ15,3
AMTATGGNNKLT,mTRAV7-6,mTRAJ56,3
AMRGSNTGNYKYV,mTRAV16D/DV11,mTRAJ40,3
AMREFNTGNYKYV,mTRAV16D/DV11,mTRAJ40,3
AMRDPGTGSNRLT,mTRAV6D-5,mTRAJ28,3
AMRASNTGNYKYV,mTRAV16D/DV11,mTRAJ40,3
AMEPAAEGADRLT,mTRAV13D-2,mTRAJ45,3
AMDAGYQNFY,mTRAV13-4/DV7,mTRAJ49,3
ALWELATNAYKVI,mTRAV15-1/DV6-1,mTRAJ30,3
ALWELAGSNNRIF,mTRAV15-1/DV6-1,mTRAJ31,3
ALVGTNAYKVI,mTRAV6D-5,mTRAJ30,3
ALTSWRGSALGRLH,mTRAV12-1,mTRAJ18,3
ALTPTGAGNKLT,mTRAV12D-2,mTRAJ17,3
ALSSYGANTGKLT,mTRAV9D-3,mTRAJ52,3
ALSRPRSSNNRIF,mTRAV6D-5,mTRAJ31,3
ALSPYGVNTGKLT,mTRAV9D-3,mTRAJ27,3
ALSPYGANTGKLT,mTRAV9D-4,mTRAJ52,3
ALSPYEANTGKLT,mTRAV9D-3,mTRAJ52,3
ALSPGPNTGNYKYV,mTRAV12D-1,mTRAJ40,3
ALSPGPNTGNYKYV,mTRAV12-1,mTRAJ40,3
ALSNTGGYKVV,mTRAV12-1,mTRAJ12,3
ALSFFSGGNNKLT,mTRAV6-7/DV9,mTRAJ56,3
ALSDRKRSKLS,mTRAV6-1,mTRAJ58,3
ALSDRGPNRIF,mTRAV6-1,mTRAJ31,3
ALSDQVGVLSNTGYQNFY,mTRAV12D-1,mTRAJ49,3
ALSDQGNTGKLI,mTRAV12-1,mTRAJ37,3
ALSDMNGSSGNKLI,mTRAV9D-3,mTRAJ32,3
ALSDASSGSWQLI,mTRAV6-7/DV9,mTRAJ22,3
ALSASLLILTGGNNKLT,mTRAV6D-5,mTRAJ56,3
ALSARWVYKLT,mTRAV6D-5,mTRAJ9,3
ALSARWDYKLT,mTRAV6D-5,mTRAJ9,3
ALSARWCYKLT,mTRAV6D-5,mTRAJ9,3
ALSARGTNKVV,mTRAV6-7/DV9,mTRAJ34,3
ALSAQWGYKLT,mTRAV6-7/DV9,mTRAJ9,3
ALSAHISAYKVI,mTRAV12D-2,mTRAJ30,3
ALRRDSNYQLI,mTRAV6D-5,mTRAJ33,3
ALRPSRSNNRIF,mTRAV6D-6,mTRAJ31,3
ALRGVSSNTNKVV,mTRAV6D-5,mTRAJ34,3
ALRAKGYAQGLT,mTRAV12-1,mTRAJ26,3
ALPRYDNAPR,mTRAV6D-5,mTRAJ43,3
ALNSATASLGKLQ,mTRAV6-7/DV9,mTRAJ24,3
ALNRYGSSGNKLI,mTRAV12D-3,mTRAJ32,3
ALNLSNGNYKYV,mTRAV9D-3,mTRAJ40,3
ALNDRGTGNYKYV,mTRAV6-7/DV9,mTRAJ40,3
ALISFSGGNYKPT,mTRAV12D-3,mTRAJ6,3
ALIDTGKLT,mTRAV6-7/DV9,mTRAJ27,3
ALGVRWGYKLT,mTRAV6-7/DV9,mTRAJ9,3
ALGPNTNKVV,mTRAV6-7/DV9,mTRAJ34,3
ALGGRSNNRIF,mTRAV6-7/DV9,mTRAJ31,3
ALGEREITGSWQLI,mTRAV6-7/DV9,mTRAJ22,3
ALGEGLRQGGRALI,mTRAV6-7/DV9,mTRAJ15,3
ALGEEDSNYQLI,mTRAV6D-5,mTRAJ33,3
ALGDWWTGNYKYV,mTRAV6D-5,mTRAJ40,3
ALGDRTNTGKLT,mTRAV9D-4,mTRAJ27,3
ALGDHNYGSSGNKLI,mTRAV6D-6,mTRAJ32,3
ALGDGPNTGKLT,mTRAV6-7/DV9,mTRAJ27,3
ALGDGINTGKLT,mTRAV6D-5,mTRAJ27,3
ALGDETNTGKLT,mTRAV9D-4,mTRAJ27,3
ALERYNQGKLI,mTRAV13D-2,mTRAJ23,3
ALERRGNTNKVV,mTRAV13-2,mTRAJ34,3
ALDHNTNTGKLT,mTRAV13-2,mTRAJ27,3
ALDDGTNTGKLT,mTRAV6D-5,mTRAJ27,3
ALAPSYNVLY,mTRAV6D-5,mTRAJ21,3
ALAPSNTNKVV,mTRAV6-7/DV9,mTRAJ34,3
AISGLPGTGSNRLT,mTRAV13D-2,mTRAJ28,3
AIPDLPGTGSNRLT,mTRAV13D-2,mTRAJ28,3
AIPANYGNEKIT,mTRAV13-2,mTRAJ48,3
AIINTGKLT,mTRAV6D-5,mTRAJ27,3
AIGANYGNEKIT,mTRAV13D-3,mTRAJ48,3
AIGANYGNEKIT,mTRAV13D-1,mTRAJ48,3
AIEPPQEGADRLT,mTRAV13D-2,mTRAJ45,3
AHTNSAGNKLT,mTRAV6-1,mTRAJ17,3
AENAEGYKVV,mTRAV13-2,mTRAJ12,3
AAYTNTGKLT,mTRAV7D-6,mTRAJ27,3
AAVPRSTGNYKYV,mTRAV4D-3,mTRAJ40,3
AAVPNADRLT,mTRAV14-2,mTRAJ45,3
AAVLLRTGNYKYV,mTRAV4D-3,mTRAJ40,3
AAVASNTGNYKYV,mTRAV4D-3,mTRAJ40,3
AATSYGSSGNKLI,mTRAV14D-1,mTRAJ32,3
AATSQQGTGSKLS,mTRAV14-3,mTRAJ58,3
AATNYGSSGNKLI,mTRAV4D-3,mTRAJ32,3
AASTGNNRIF,mTRAV14D-3/DV8,mTRAJ31,3
AASRPSGSWQLI,mTRAV7D-2,mTRAJ22,3
AASRGNNRIF,mTRAV7-6,mTRAJ31,3
AASPGYQNFY,mTRAV14D-1,mTRAJ49,3
AASPGYQNFY,mTRAV14-2,mTRAJ49,3
AASPGTGSKLS,mTRAV7D-6,mTRAJ58,3
AASKASSGQKLV,mTRAV14D-3/DV8,mTRAJ16,3
AASGYGSSGNKLI,mTRAV14-3,mTRAJ32,3
AASGGSSGSWQLI,mTRAV14-1,mTRAJ22,3
AASGANTNKVV,mTRAV5D-4,mTRAJ34,3
AASGAGANTGKLT,mTRAV14D-1,mTRAJ52,3
AASETGNTGKLI,mTRAV7-6,mTRAJ37,3
AASEQNAYKVI,mTRAV14D-3/DV8,mTRAJ30,3
AASEGSWQLI,mTRAV7D-2,mTRAJ22,3
AASDTNTGKLT,mTRAV14-2,mTRAJ27,3
AASDDAGGNNKLT,mTRAV14D-1,mTRAJ56,3
AASDDAGGNNKLT,mTRAV14-2,mTRAJ56,3
AASAVGSAGNKLT,mTRAV14D-3/DV8,mTRAJ17,3
AASAHYGSSGNKLI,mTRAV14-3,mTRAJ32,3
AASAGTNSAGNKLT,mTRAV5D-4,mTRAJ17,3
AARVFLSNSGGSNYKLT,mTRAV14-2,mTRAJ53,3
AARRVQSNKVV,mTRAV14-2,mTRAJ34,3
AARIQTNAYKVI,mTRAV9D-4,mTRAJ30,3
AARGTGANTGKLT,mTRAV14-3,mTRAJ52,3
AARGSGYNKLT,mTRAV7-6,mTRAJ11,3
AARDTNTGKLT,mTRAV7D-2,mTRAJ27,3
AARDTNTGKLT,mTRAV7-6,mTRAJ27,3
AANTGYQNFY,mTRAV7-6,mTRAJ49,3
AALNQGGSAKLI,mTRAV14-2,mTRAJ57,3
AAGGEEGADRLT,mTRAV14-3,mTRAJ45,3
AAGAPNAYKVI,mTRAV4D-4,mTRAJ30,3
AAFSMSNYNVLY,mTRAV13D-3,mTRAJ21,3
AAEAGIGYKLT,mTRAV4D-4,mTRAJ9,3
AADETNTNKVV,mTRAV8D-2,mTRAJ34,3
AADASSSFSKLV,mTRAV14-3,mTRAJ50,3
AACYNYAQGLT,mTRAV14D-3/DV8,mTRAJ26,3
VYEKIT,mTRAV9D-4,mTRAJ48,2
VVPPLASSSFSKLV,mTRAV9D-4,mTRAJ50,2
VVGTNTGYQNFY,mTRAV9D-4,mTRAJ49,2
VTNTGKLT,mTRAV13D-4,mTRAJ27,2
VSSSSNMGYKLT,mTRAV9D-4,mTRAJ9,2
VSSPPIYQGGRALI,mTRAV9D-4,mTRAJ15,2
VSNSAGNKLT,mTRAV7-3,mTRAJ17,2
VMEDYGNEKIT,mTRAV13-4/DV7,mTRAJ48,2
VLVITGFASALT,mTRAV6-2,mTRAJ35,2
VLTGGYAGDNSKLI,mTRAV9D-4,mTRAJ38,2
VLSVTIGRALI,mTRAV9D-1,mTRAJ15,2
VLSGPGNTGKLI,mTRAV9D-3,mTRAJ37,2
VLSGFYTGNYKYV,mTRAV6-2,mTRAJ40,2
VLSAQGSGTYQR,mTRAV6-7/DV9,mTRAJ13,2
VLSAPSGSWQLI,mTRAV6-7/DV9,mTRAJ22,2
VLSAINTGNYKYV,mTRAV9D-1,mTRAJ40,2
VLSAGTGYQNFY,mTRAV6-1,mTRAJ49,2
VLREQWSSGNKLI,mTRAV9D-4,mTRAJ32,2
VLREQRSSGNKLI,mTRAV9D-4,mTRAJ32,2
VLPLVNTGNYKYV,mTRAV9D-1,mTRAJ40,2
VLNSTNMGYKLT,mTRAV9D-4,mTRAJ9,2
VLLNQGGSAKLI,mTRAV9D-4,mTRAJ57,2
VLGWNTGNYKYV,mTRAV9D-1,mTRAJ40,2
VLGVRSNNRIF,mTRAV6-1,mTRAJ31,2
VLGGTTGYQNFY,mTRAV9D-4,mTRAJ49,2
VLGGPGNTGKLI,mTRAV9D-4,mTRAJ37,2
VLGDQSNNRIF,mTRAV6-1,mTRAJ31,2
VLGDNNAGAKLT,mTRAV9D-4,mTRAJ39,2
VLGDGTNTGKLT,mTRAV6-2,mTRAJ27,2
VLGDGGNYKYV,mTRAV9D-4,mTRAJ40,2
VLGAQGSGTYQR,mTRAV9D-4,mTRAJ13,2
VLGANNNRIF,mTRAV9D-4,mTRAJ31,2
VGNNRIF,mTRAV4D-3,mTRAJ31,2
VENAGGYKVV,mTRAV13-2,mTRAJ12,2
VAPSNMGYKLT,mTRAV13-4/DV7,mTRAJ9,2
VADSNNRIF,mTRAV14D-1,mTRAJ31,2
TVSMNTGNYKYV,mTRAV7-3,mTRAJ40,2
TVGSNTGYQNFY,mTRAV9D-3,mTRAJ49,2
TLRSYGSSGNKLI,mTRAV9D-4,mTRAJ32,2
SARSSNTNKVV,mTRAV7-3,mTRAJ34,2
RGGFSGGNYKPT,mTRAV12-1,mTRAJ6,2
GLSSTNMGYKLT,mTRAV9D-4,mTRAJ9,2
GGGGFSGGNYKPT,mTRAV12-1,mTRAJ6,2
GATGGNNKLT,mTRAV9D-4,mTRAJ56,2
FLGDTTGYQNFY,mTRAV9D-4,mTRAJ49,2
EVGGSSGNKLI,mTRAV7D-6,mTRAJ32,2
DTFTSGGNYKPT,mTRAV8D-2,mTRAJ6,2
DRGTGSKLS,mTRAV14-2,mTRAJ58,2
DAEKGSNYKLT,mTRAV4D-4,mTRAJ53,2
AVYTNTGKLT,mTRAV7D-4,mTRAJ27,2
AVWKVGADRLT,mTRAV9D-1,mTRAJ45,2
AVWKVGADRLT,mTRAV6-7/DV9,mTRAJ45,2
AVVGTGGYKVV,mTRAV7D-6,mTRAJ12,2
AVTVTGGNNKLT,mTRAV7-6,mTRAJ56,2
AVTPHGSSGNKLI,mTRAV7-6,mTRAJ32,2
AVTNTGNYKYV,mTRAV7-5,mTRAJ40,2
AVTNNNNAPR,mTRAV9D-1,mTRAJ43,2
AVTHRNNRIF,mTRAV9D-4,mTRAJ31,2
AVSVGSNYQLI,mTRAV7D-4,mTRAJ33,2
AVSVGSNYQLI,mTRAV7-3,mTRAJ33,2
AVSTGYQNFY,mTRAV7-6,mTRAJ49,2
AVSSPSNTNKVV,mTRAV9D-4,mTRAJ34,2
AVSSNNNAPR,mTRAV9D-4,mTRAJ43,2
AVSSNNNAPR,mTRAV9D-3,mTRAJ43,2
AVSRYGSNAPR,mTRAV9D-1,mTRAJ43,2
AVSRYGNNAPR,mTRAV9-4,mTRAJ43,2
AVSPTNMGYKLT,mTRAV9D-4,mTRAJ9,2
AVSNDNNAPR,mTRAV9D-4,mTRAJ43,2
AVSMWGAGAKLT,mTRAV7-3,mTRAJ39,2
AVSMLASGSWQLI,mTRAV7D-2,mTRAJ22,2
AVSMGGNNRIF,mTRAV7-6,mTRAJ31,2
AVSLANTNKVV,mTRAV3D-3,mTRAJ34,2
AVSKVGGGSNYKLT,mTRAV9D-3,mTRAJ53,2
AVSKNNNAPR,mTRAV9D-1,mTRAJ43,2
AVSINTNTGKLT,mTRAV7-5,mTRAJ27,2
AVSGAGNYKYV,mTRAV9-1,mTRAJ40,2
AVSFSNTNKVV,mTRAV3D-3,mTRAJ34,2
AVSEQTGGYKVV,mTRAV7-3,mTRAJ12,2
AVSASTNTGKLT,mTRAV6-7/DV9,mTRAJ27,2
AVSARSNNAPR,mTRAV9D-4,mTRAJ43,2
AVSAGVGNYKYV,mTRAV9D-4,mTRAJ40,2
AVSAGTGYQNFY,mTRAV9D-4,mTRAJ49,2
AVSAGNSAGNKLT,mTRAV9D-1,mTRAJ17,2
AVSAGGAGYKLT,mTRAV3D-3,mTRAJ9,2
AVSAGAENYKYV,mTRAV9D-4,mTRAJ40,2
AVSAASSFSKLV,mTRAV6-7/DV9,mTRAJ50,2
AVRVQANAYKVI,mTRAV9D-4,mTRAJ30,2
AVRVNGGSNYKLT,mTRAV9D-4,mTRAJ53,2
AVRSSNNRIF,mTRAV7-6,mTRAJ31,2
AVRRSNNRIF,mTRAV7-3,mTRAJ31,2
AVRRRPNNTNKVV,mTRAV9D-4,mTRAJ34,2
AVRRRPINTNKVV,mTRAV9D-4,mTRAJ34,2
AVRMDSNYQLI,mTRAV6D-5,mTRAJ33,2
AVRKVVADRLT,mTRAV9D-4,mTRAJ45,2
AVRKVCADRLT,mTRAV9D-4,mTRAJ45,2
AVRIQANAYKVI,mTRAV9D-4,mTRAJ30,2
AVRGLGTGNYKYV,mTRAV9D-4,mTRAJ40,2
AVRGFGIGNYKYV,mTRAV9D-4,mTRAJ40,2
AVRARNNNAPR,mTRAV9D-4,mTRAJ43,2
AVPATGGNNKLT,mTRAV7-6,mTRAJ56,2
AVNNNNNAPR,mTRAV9D-3,mTRAJ43,2
AVNAHNNNAPR,mTRAV9D-4,mTRAJ43,2
AVKRGTGGYKVV,mTRAV9D-4,mTRAJ12,2
AVKRGTGGYKVV,mTRAV9D-1,mTRAJ12,2
AVKASNNYAQGLT,mTRAV9D-4,mTRAJ26,2
AVINNNNAPR,mTRAV9D-4,mTRAJ43,2
AVIAGAGNYKYV,mTRAV9D-4,mTRAJ40,2
AVGSSTGYQNFY,mTRAV9D-3,mTRAJ49,2
AVGSNVGDNSKLI,mTRAV3D-3,mTRAJ38,2
AVGSITGYQNFY,mTRAV9D-4,mTRAJ49,2
AVGRSSGNKLI,mTRAV7D-6,mTRAJ32,2
AVGMGSNNRIF,mTRAV7-6,mTRAJ31,2
AVGESAGYQNFY,mTRAV9D-4,mTRAJ49,2
AVESNTGYQNFY,mTRAV9D-1,mTRAJ49,2
AVCLSNTNKVV,mTRAV3D-3,mTRAJ34,2
ATYYGSSGNKLI,mTRAV13D-2,mTRAJ32,2
ATTTASLGKLQ,mTRAV8D-1,mTRAJ24,2
ATSRAENYKYV,mTRAV8D-1,mTRAJ40,2
ATSCAGNYKYV,mTRAV8D-1,mTRAJ40,2
ATKKGWDSNYQLI,mTRAV14D-1,mTRAJ33,2
ATGGGNMGYKLT,mTRAV8D-2,mTRAJ9,2
ATGDLPGTGSNRLT,mTRAV4D-4,mTRAJ28,2
ATETQVVGQLT,mTRAV8D-1,mTRAJ5,2
ATDEINTNKVV,mTRAV8D-2,mTRAJ34,2
ATDAHNNNAPR,mTRAV8D-1,mTRAJ43,2
ATAAHYNNAPR,mTRAV8D-1,mTRAJ43,2
ASRSSNTNKVV,mTRAV7-3,mTRAJ34,2
ASDETNTNKVV,mTRAV8D-2,mTRAJ34,2
ARTLGGNNKLT,mTRAV9D-4,mTRAJ56,2
AQRMDSNYQLI,mTRAV6D-5,mTRAJ33,2
AQEDSGTYQR,mTRAV7D-4,mTRAJ13,2
APVSFSGGNYKPT,mTRAV12-1,mTRAJ6,2
APRNNNNAPR,mTRAV6D-5,mTRAJ43,2
APRGISSNTNKVV,mTRAV6D-5,mTRAJ34,2
APGGNAKLT,mTRAV13D-1,mTRAJ42,2
APGDSGTYQR,mTRAV7D-4,mTRAJ13,2
APENSGTYQR,mTRAV7D-2,mTRAJ13,2
ANPYGSSGNKLI,mTRAV13D-3,mTRAJ32,2
ANNAQGLT,mTRAV8D-1,mTRAJ26,2
AMVRNTEGADRLT,mTRAV13-4/DV7,mTRAJ45,2
AMTPYGSSGNKLI,mTRAV7-6,mTRAJ32,2
AMSSKGGNTGKLI,mTRAV6D-5,mTRAJ37,2
AMSPHYGNEKIT,mTRAV16D/DV11,mTRAJ48,2
AMSARWGYKLT,mTRAV6D-5,mTRAJ9,2
AMRWSNYQLI,mTRAV6D-5,mTRAJ33,2
AMRVGTGGYKVV,mTRAV6D-5,mTRAJ12,2
AMRVGTGGYKVV,mTRAV6-1,mTRAJ12,2
AMRGRDTNAYKVI,mTRAV16D/DV11,mTRAJ30,2
AMREWRATGGNNKLT,mTRAV16D/DV11,mTRAJ56,2
AMREGGNSNNRIF,mTRAV16D/DV11,mTRAJ31,2
AMREGDTNAYKVI,mTRAV16D/DV11,mTRAJ30,2
AMRDWSTGYQNFY,mTRAV6D-3,mTRAJ49,2
AMKPSAEGADRLT,mTRAV13-4/DV7,mTRAJ45,2
AMGGFNTGNYKYV,mTRAV16D/DV11,mTRAJ40,2
AMGEREISGSWQLI,mTRAV6D-3,mTRAJ22,2
AMGEREISGSWQLI,mTRAV6-7/DV9,mTRAJ22,2
AMGDGTNTGKLT,mTRAV6-7/DV9,mTRAJ27,2
AMERMDNNKLT,mTRAV13-4/DV7,mTRAJ56,2
AMEQSASLGKLQ,mTRAV13-1,mTRAJ24,2
AMEPSAEGADRLT,mTRAV13D-3,mTRAJ45,2
AMEPSAEGADRLT,mTRAV13-1,mTRAJ45,2
AMEPAAGGADRLT,mTRAV13-4/DV7,mTRAJ45,2
AMEPAAEGADRLT,mTRAV13D-4,mTRAJ45,2
AMEPAAEGADRLT,mTRAV13D-1,mTRAJ45,2
ALWNNNAPR,mTRAV6D-5,mTRAJ43,2
ALWELDSNYQLI,mTRAV15D-1/DV6D-1,mTRAJ33,2
ALVSSASSGQKLV,mTRAV6D-6,mTRAJ16,2
ALVSITGGNNKLT,mTRAV6D-6,mTRAJ56,2
ALVSFSGGNYKPT,mTRAV6-1,mTRAJ6,2
ALVRDTNAYKVI,mTRAV6D-5,mTRAJ30,2
ALVEAVSNNRIF,mTRAV6D-5,mTRAJ31,2
ALVDANSGGSNYKLT,mTRAV6-1,mTRAJ53,2
ALTSHQGGRALI,mTRAV6-7/DV9,mTRAJ15,2
ALTPTGAGNKLT,mTRAV12D-1,mTRAJ17,2
ALTFGGEGAKLT,mTRAV12D-3,mTRAJ39,2
ALTFGGAGAKLT,mTRAV12-2,mTRAJ39,2
ALTATGGNNKLT,mTRAV7-6,mTRAJ56,2
ALSWGWGNEKIT,mTRAV12D-1,mTRAJ48,2
ALSVWNAGAKLT,mTRAV12-1,mTRAJ39,2
ALSSRNSNNRIF,mTRAV12D-3,mTRAJ31,2
ALSSKGGNTGKLI,mTRAV6-7/DV9,mTRAJ37,2
ALSRATGYQNFY,mTRAV6-7/DV9,mTRAJ49,2
ALSPYRIF,mTRAV6-1,mTRAJ31,2
ALSPSSGSWQLI,mTRAV12-1,mTRAJ22,2
ALSPSPTASLGKLQ,mTRAV15-2/DV6-2,mTRAJ24,2
ALSPPSSNYQLI,mTRAV9D-4,mTRAJ33,2
ALSPPSRNYQLI,mTRAV9D-3,mTRAJ33,2
ALSPPSNNYQLI,mTRAV9D-3,mTRAJ33,2
ALSLSNGNYKYV,mTRAV9D-4,mTRAJ40,2
ALSLSNENYKYV,mTRAV9D-3,mTRAJ40,2
ALSGRGGSNAKLT,mTRAV12D-2,mTRAJ42,2
ALSGGNTGKLI,mTRAV13D-3,mTRAJ37,2
ALSGGNMGYKLT,mTRAV12-1,mTRAJ9,2
ALSGAPGTGSNRLT,mTRAV6D-5,mTRAJ28,2
ALSEPGGSNAKLT,mTRAV15D-2/DV6D-2,mTRAJ42,2
ALSELWDNRIF,mTRAV6-1,mTRAJ31,2
ALSEKGGNTGKLI,mTRAV6D-6,mTRAJ37,2
ALSDTGYAGAKLT,mTRAV6-1,mTRAJ39,2
ALSDRYGSSGNKLI,mTRAV6-1,mTRAJ32,2
ALSDRKWSKLS,mTRAV6-7/DV9,mTRAJ58,2
ALSDRKWGKLI,mTRAV6-7/DV9,mTRAJ37,2
ALSDRKRRKLI,mTRAV6-7/DV9,mTRAJ37,2
ALSDRGAGNYKYV,mTRAV6-7/DV9,mTRAJ40,2
ALSDRASSSFSKLV,mTRAV6-1,mTRAJ50,2
ALSDQNQGGSAKLI,mTRAV6D-6,mTRAJ57,2
ALSDQNQGGSAKLI,mTRAV6-1,mTRAJ57,2
ALSDQGTGGYKVV,mTRAV12D-1,mTRAJ12,2
ALSDQGTGGYKVV,mTRAV12-1,mTRAJ12,2
ALSDPPGTGSNRLT,mTRAV6-7/DV9,mTRAJ28,2
ALSDEGGGYKVV,mTRAV12D-1,mTRAJ12,2
ALSAYAQGLT,mTRAV12-1,mTRAJ26,2
ALSASSNNRIF,mTRAV6-1,mTRAJ31,2
ALSASSNNRIF,mTRAV12D-1,mTRAJ31,2
ALSASFASALT,mTRAV6-7/DV9,mTRAJ35,2
ALSARWSYKLT,mTRAV6D-5,mTRAJ9,2
ALSARLGYKLT,mTRAV6D-5,mTRAJ9,2
ALSARGPNKVV,mTRAV6-1,mTRAJ34,2
ALSAPASNNRIF,mTRAV6-7/DV9,mTRAJ31,2
ALRYTEGADRLT,mTRAV9D-4,mTRAJ45,2
ALRTRGYAQGLT,mTRAV12D-3,mTRAJ26,2
ALRSSNTNKVV,mTRAV6-7/DV9,mTRAJ34,2
ALRSNNNAPR,mTRAV6D-5,mTRAJ43,2
ALRSHGSSGNKLI,mTRAV9D-3,mTRAJ32,2
ALRRISSNTNKVV,mTRAV6D-5,mTRAJ34,2
ALRMYSNYQLI,mTRAV6-7/DV9,mTRAJ33,2
ALRMVSNYQLI,mTRAV6-7/DV9,mTRAJ33,2
ALRMGSNYQLI,mTRAV6D-5,mTRAJ33,2
ALRLSNGNYKYV,mTRAV9D-3,mTRAJ40,2
ALRIDSNYQLI,mTRAV6-7/DV9,mTRAJ33,2
ALRGVYQGGRALI,mTRAV6D-5,mTRAJ15,2
ALREANYNVLY,mTRAV6-5,mTRAJ21,2
ALRAVNTGNYKYV,mTRAV12D-1,mTRAJ40,2
ALRARGYTQGLT,mTRAV12D-3,mTRAJ26,2
ALRARGYAQGLA,mTRAV12D-3,mTRAJ26,2
ALRARGHAQGLT,mTRAV12D-3,mTRAJ26,2
ALRALNTGNYKYV,mTRAV12-1,mTRAJ40,2
ALRAKGYAQGLT,mTRAV12D-1,mTRAJ26,2
ALRAINTGNYKYV,mTRAV12-1,mTRAJ40,2
ALPYSNYQLI,mTRAV12D-1,mTRAJ33,2
ALPRCNNAPR,mTRAV6D-5,mTRAJ43,2
ALNPPGTGSNRLT,mTRAV12D-2,mTRAJ28,2
ALNNYGNEKIT,mTRAV12D-2,mTRAJ48,2
ALNDRKRGKLI,mTRAV6-7/DV9,mTRAJ37,2
ALLHPGNTGKLI,mTRAV6-1,mTRAJ37,2
ALKSNSGTYQR,mTRAV13D-2,mTRAJ13,2
ALKMDSNYQLI,mTRAV6D-7,mTRAJ33,2
ALKFNMGYKLT,mTRAV9D-4,mTRAJ9,2
ALINSGKLT,mTRAV6D-5,mTRAJ27,2
ALIDRKRGKLI,mTRAV6-7/DV9,mTRAJ37,2
ALGYYNQGKLI,mTRAV12D-3,mTRAJ23,2
ALGVNNYAQGLT,mTRAV6D-7,mTRAJ26,2
ALGVAPGTGSNRLT,mTRAV6D-7,mTRAJ28,2
ALGSSNYQLI,mTRAV6-7/DV9,mTRAJ33,2
ALGRETNAYKVI,mTRAV6D-5,mTRAJ30,2
ALGRATNAYKVI,mTRAV6D-5,mTRAJ30,2
ALGRAPGSSGNKLI,mTRAV6-7/DV9,mTRAJ32,2
ALGPYGANTGKLT,mTRAV9D-3,mTRAJ27,2
ALGNYGGSNYKLT,mTRAV6-7/DV9,mTRAJ53,2
ALGNTGGYKVV,mTRAV6-7/DV9,mTRAJ12,2
ALGNRSNNRIF,mTRAV6-1,mTRAJ31,2
ALGMHYNQGKLI,mTRAV6D-5,mTRAJ23,2
ALGKASNTNKVV,mTRAV6-7/DV9,mTRAJ34,2
ALGGWTGNYKYV,mTRAV12D-3,mTRAJ40,2
ALGGSSGNKLI,mTRAV7D-6,mTRAJ32,2
ALGGREISGSWQLI,mTRAV6D-5,mTRAJ22,2
ALGGRAGKVV,mTRAV6D-6,mTRAJ34,2
ALGGPWRNYNVLY,mTRAV6-5,mTRAJ21,2
ALGFSGTGFASALT,mTRAV6-7/DV9,mTRAJ35,2
ALGESSTGNYKYV,mTRAV6D-6,mTRAJ40,2
ALGEGETSGSWQLI,mTRAV6-7/DV9,mTRAJ22,2
ALGEEDTNTGKLT,mTRAV6-7/DV9,mTRAJ27,2
ALGEEDSNYQLI,mTRAV6-7/DV9,mTRAJ33,2
ALGDTNAYKVI,mTRAV6D-6,mTRAJ30,2
ALGDRSNTGKLT,mTRAV6-7/DV9,mTRAJ27,2
ALGDRKRSKLS,mTRAV6-7/DV9,mTRAJ58,2
ALGDRGGSALGRLH,mTRAV6D-6,mTRAJ18,2
ALGDPMSYNQGKLI,mTRAV6-7/DV9,mTRAJ23,2
ALGDGTNTGKLT,mTRAV9D-4,mTRAJ27,2
ALGDGTHTGKLT,mTRAV6-7/DV9,mTRAJ27,2
ALGASNTNKVV,mTRAV6-7/DV9,mTRAJ34,2
ALGARGYAQGLT,mTRAV12D-3,mTRAJ26,2
ALGAHINAYKVI,mTRAV12D-2,mTRAJ30,2
ALGAGTNTGKLT,mTRAV6D-5,mTRAJ27,2
ALFYQGGRALI,mTRAV12D-2,mTRAJ15,2
ALERGNMGYKLT,mTRAV13-2,mTRAJ9,2
ALEREGNYKYV,mTRAV13D-1,mTRAJ40,2
ALEDPHYQGGRALI,mTRAV13D-1,mTRAJ15,2
ALDTNTNKVV,mTRAV13-2,mTRAJ34,2
ALDTNAYKVI,mTRAV13D-2,mTRAJ30,2
ALDDAQGLT,mTRAV6D-5,mTRAJ26,2
ALCEREISGSWQLI,mTRAV6-7/DV9,mTRAJ22,2
ALAPSNTNKVV,mTRAV6D-5,mTRAJ34,2
AIGYNVLY,mTRAV13D-3,mTRAJ21,2
AIETNTEGADRLT,mTRAV13D-3,mTRAJ45,2
AIETNTEGADRLT,mTRAV13D-1,mTRAJ45,2
AIELPGTGSNRLT,mTRAV13D-3,mTRAJ28,2
AIELPGTGSNRLT,mTRAV13D-1,mTRAJ28,2
AIDTGNYKYV,mTRAV13D-3,mTRAJ40,2
AIDRRPNTGNYKYV,mTRAV13D-1,mTRAJ40,2
AIDRRPNTGNYKYV,mTRAV13-2,mTRAJ40,2
AIDRGTNTGKLT,mTRAV13-2,mTRAJ27,2
AIAGTGGYKVV,mTRAV13D-1,mTRAJ12,2
AHSNRGGNTGKLI,mTRAV6-7/DV9,mTRAJ37,2
AHSNKEGNTGKLI,mTRAV6-7/DV9,mTRAJ37,2
AGSNNNNAPR,mTRAV9D-1,mTRAJ43,2
AGRAYKVI,mTRAV9D-4,mTRAJ30,2
AGFGGQQGTGSKLS,mTRAV14D-1,mTRAJ58,2
AFPRYNNAPR,mTRAV6D-5,mTRAJ43,2
ADSLSNTNKVV,mTRAV3D-3,mTRAJ34,2
AAVPSDTGSNRLT,mTRAV4D-4,mTRAJ28,2
AAVPKRTGGYKVV,mTRAV4D-3,mTRAJ12,2
AATSYGSSGNKLI,mTRAV14D-3/DV8,mTRAJ32,2
AATSQQGTGSKLS,mTRAV14D-3/DV8,mTRAJ58,2
AATPYGSSGNKLI,mTRAV7-6,mTRAJ32,2
AATGGNNKLT,mTRAV14D-1,mTRAJ56,2
AATFQTGANTGKLT,mTRAV9D-4,mTRAJ52,2
AATDTNAYKVI,mTRAV14D-1,mTRAJ30,2
AASWGLNTNKVV,mTRAV14D-3/DV8,mTRAJ34,2
AASWENNRIF,mTRAV14-3,mTRAJ31,2
AASWAEGADRLT,mTRAV10,mTRAJ45,2
AASVYDSGYNKLT,mTRAV7-3,mTRAJ11,2
AASTTASLGKLQ,mTRAV7-3,mTRAJ24,2
AASSQGSNAKLT,mTRAV10,mTRAJ42,2
AASSGSWQLI,mTRAV5D-4,mTRAJ22,2
AASRVQPNKVV,mTRAV14-2,mTRAJ34,2
AASRTNAYKVI,mTRAV7-6,mTRAJ30,2
AASRTNAYKVI,mTRAV7-3,mTRAJ30,2
AASRTGGNYKPT,mTRAV14-3,mTRAJ6,2
AASRHYGSSGNKLI,mTRAV14D-1,mTRAJ32,2
AASRGNNRIF,mTRAV7-3,mTRAJ31,2
AASRGAQGLT,mTRAV10,mTRAJ26,2
AASQYDSGYNKLT,mTRAV7-6,mTRAJ11,2
AASPYGSSGNKLI,mTRAV10,mTRAJ32,2
AASPPSWQLI,mTRAV14-2,mTRAJ22,2
AASPDTNAYKVI,mTRAV7-3,mTRAJ30,2
AASNEATGGNNKLT,mTRAV14D-1,mTRAJ56,2
AASMQGRDYAQGLT,mTRAV7-6,mTRAJ26,2
AASMGSNYQLI,mTRAV7D-4,mTRAJ33,2
AASMFTNAYKVI,mTRAV7D-4,mTRAJ30,2
AASMFTNAYKVI,mTRAV7-3,mTRAJ30,2
AASKNTNTGKLT,mTRAV7-6,mTRAJ27,2
AASGSASSGSWQLI,mTRAV14-3,mTRAJ22,2
AASETGNTGKLI,mTRAV7-3,mTRAJ37,2
AASESTNTGKLT,mTRAV7D-2,mTRAJ27,2
AASEQNAYKVI,mTRAV14D-1,mTRAJ30,2
AASEQGDTNKVV,mTRAV7D-4,mTRAJ34,2
AASEPNAGSWQLI,mTRAV7D-4,mTRAJ22,2
AASEIFAGNKLT,mTRAV14-2,mTRAJ17,2
AASEGGNAYKVI,mTRAV14D-1,mTRAJ30,2
AASEGGNAYKVI,mTRAV14-3,mTRAJ30,2
AASARTTGYQNFY,mTRAV14-2,mTRAJ49,2
AASAPPRGGRALI,mTRAV14-3,mTRAJ15,2
AASAPGYQNFY,mTRAV9D-4,mTRAJ49,2
AASALEVGYKLT,mTRAV14-2,mTRAJ9,2
AASALEMGYKLT,mTRAV14D-3/DV8,mTRAJ9,2
AASALEMGYKLT,mTRAV14D-1,mTRAJ9,2
AASAASSGSWQLI,mTRAV19,mTRAJ22,2
AARTSSGSWQLI,mTRAV7D-4,mTRAJ22,2
AARTLNSNNRIF,mTRAV14D-3/DV8,mTRAJ31,2
AARTGNYKYV,mTRAV14D-1,mTRAJ40,2
AARTGNYKYV,mTRAV14-2,mTRAJ40,2
AARSSNTNKVV,mTRAV7D-3,mTRAJ34,2
AARRVQTNKVV,mTRAV14-3,mTRAJ34,2
AARRVQLNKVV,mTRAV14-2,mTRAJ34,2
AARNYGSSGNKLI,mTRAV14-2,mTRAJ32,2
AARIGGNNKLT,mTRAV14-3,mTRAJ56,2
AARHGNNNAPR,mTRAV14-2,mTRAJ43,2
AARGTGANTGKLT,mTRAV14D-3/DV8,mTRAJ52,2
AARGTGANTGKLT,mTRAV14D-1,mTRAJ52,2
AARGSTNAYKVI,mTRAV14D-3/DV8,mTRAJ30,2
AARDTNTGKLT,mTRAV7-3,mTRAJ27,2
AARASSGSWQLI,mTRAV7-3,mTRAJ22,2
AARAPSGSWQLI,mTRAV7D-4,mTRAJ22,2
AAPQTNSAGNKLT,mTRAV14-3,mTRAJ17,2
AANNNNAPR,mTRAV10,mTRAJ43,2
AANDTNAYKVI,mTRAV14-1,mTRAJ30,2
AALPLNTGNYKYV,mTRAV4D-3,mTRAJ40,2
AAKYNQGKLI,mTRAV14-3,mTRAJ23,2
AAKYNQGKLI,mTRAV14-2,mTRAJ23,2
AAKSSGSWQLI,mTRAV14D-3/DV8,mTRAJ22,2
AAKMGNSGGSNAKLT,mTRAV14-3,mTRAJ42,2
AAKLGNSGGSNAKLT,mTRAV14D-1,mTRAJ42,2
AAKKGRDSNYQLI,mTRAV14D-1,mTRAJ33,2
AAKAPNNYAQGLT,mTRAV9D-4,mTRAJ26,2
AAKAGMGYKLT,mTRAV4D-4,mTRAJ9,2
AAKAANSGGSNAKLT,mTRAV14D-1,mTRAJ42,2
AAILQQGTGSKLS,mTRAV14D-1,mTRAJ58,2
AAILQQGTGSKLS,mTRAV14-2,mTRAJ58,2
AAIASSGSWQLI,mTRAV4D-4,mTRAJ22,2
AAIASNTGNYKYV,mTRAV4D-3,mTRAJ40,2
AAGVPYTGYQNFY,mTRAV19,mTRAJ49,2
AAGSNTGYQNFY,mTRAV9D-1,mTRAJ49,2
AAGRVQPNKVV,mTRAV14-2,mTRAJ34,2
AAGNDNNAPR,mTRAV4D-4,mTRAJ43,2
AAGKRNMGYKLT,mTRAV7D-2,mTRAJ9,2
AAGINNNAPR,mTRAV4D-4,mTRAJ43,2
AAGGPNYNVLY,mTRAV19,mTRAJ21,2
AAGGASGGNYKPT,mTRAV14-3,mTRAJ6,2
AAGALYTGYQNFY,mTRAV19,mTRAJ49,2
AAESRGSNAKLT,mTRAV14D-3/DV8,mTRAJ42,2
AAEKSSNYKLT,mTRAV4D-4,mTRAJ53,2
AAEKGWDSNYQLI,mTRAV14D-1,mTRAJ33,2
AAEARVPDNTGKLI,mTRAV4D-4,mTRAJ37,2
AAEARNPDNTGKLI,mTRAV4D-4,mTRAJ37,2
AAEAGVGYKLT,mTRAV4D-4,mTRAJ9,2
AAEAASGGNYKPT,mTRAV4D-4,mTRAJ6,2
AADTGKLT,mTRAV8D-2,mTRAJ27,2
AADGTNTGKLT,mTRAV19,mTRAJ27,2
AACYNYAQGLT,mTRAV14-2,mTRAJ26,2
AAARDMGYQNFY,mTRAV7-6,mTRAJ49,2
AAAPRRTGNYKYV,mTRAV4D-4,mTRAJ40,2
AAAFNTGNYKYV,mTRAV4D-3,mTRAJ40,2
