ATFTSGGNYKPT,mTRAV8D-2,mTRAJ6,215380
AVSANTGYQNFY,mTRAV9D-4,mTRAJ49,162030
ALGARELSGSWQLI,mTRAV6-7/DV9,mTRAJ22,80067
ALGTRELSGSWQLI,mTRAV6-7/DV9,mTRAJ22,54775
AALRGSALGRLH,mTRAV7D-4,mTRAJ18,14212
AANYNQGKLI,mTRAV7D-2,mTRAJ23,12789
ALSDRYYGNEKIT,mTRAV6-7/DV9,mTRAJ48,11586
AVGSNTGYQNFY,mTRAV9D-4,mTRAJ49,10386
ALSLGGNNNAPR,mTRAV6-7/DV9,mTRAJ43,10236
VHTEGADRLT,mTRAV9D-4,mTRAJ45,9086
ALRRINSGGSNAKLT,mTRAV6-7/DV9,mTRAJ42,8641
AAEARVPGNTGKLI,mTRAV4D-4,mTRAJ37,7952
AVSSTGNTGKLI,mTRAV9D-4,mTRAJ37,7118
AMRRDTNAYKVI,mTRAV13D-4,mTRAJ30,7085
APEDSGTYQR,mTRAV7D-4,mTRAJ13,6949
ADNRIF,mTRAV13D-1,mTRAJ31,5133
ATAFYGNEKIT,mTRAV8D-1,mTRAJ48,4882
AVGTNTGYQNFY,mTRAV9D-4,mTRAJ49,4678
AVSDWGSAKLI,mTRAV9D-4,mTRAJ57,4652
ATDASSSFSKLV,mTRAV8D-1,mTRAJ50,4640
AASNVNTGNYKYV,mTRAV10D,mTRAJ40,4467
ALLFVSKLV,mTRAV13D-1,mTRAJ50,4116
AARDNNNAPR,mTRAV14-1,mTRAJ43,4039
AVSGAWPGAKLT,mTRAV9D-4,mTRAJ39,3976
AVGGDNYAQGLT,mTRAV9D-4,mTRAJ26,3781
ALRNNNNAPR,mTRAV12D-3,mTRAJ43,3750
AVSSQAGNTGKLI,mTRAV7-6,mTRAJ37,3722
AAGDLPGTGSNRLT,mTRAV4D-4,mTRAJ28,3499
ALGTEGADRLT,mTRAV13D-1,mTRAJ45,3411
ATFSSGGNYKPT,mTRAV8D-2,mTRAJ6,3200
AVSELGNYKYV,mTRAV9D-4,mTRAJ40,2971
AAEAKSPGNTGKLI,mTRAV4D-4,mTRAJ37,2654
AIGPGNYKYV,mTRAV13D-2,mTRAJ40,2635
AVGSGGYKVV,mTRAV9D-4,mTRAJ12,2615
WIGYGSSGNKLI,mTRAV9D-4,mTRAJ32,2611
ALGLRESSGSWQLI,mTRAV6-7/DV9,mTRAJ22,2304
ALSMSTGYQNFY,mTRAV9D-3,mTRAJ49,2235
AVSMQGNYKYV,mTRAV9D-4,mTRAJ40,2197
ALSNPSANKVV,mTRAV9D-3,mTRAJ34,2135
ADNKVV,mTRAV13D-1,mTRAJ34,1963
ALTSYSGGNYKPT,mTRAV12D-3,mTRAJ6,1940
AVSEWGSAKLI,mTRAV9D-4,mTRAJ57,1923
ALSRDTNTGKLT,mTRAV9D-3,mTRAJ27,1839
AQNYGSSGNKLI,mTRAV6D-5,mTRAJ32,1823
ALSIINMGYKLT,mTRAV9D-3,mTRAJ9,1796
ADNTGANTGKLT,mTRAV7-6,mTRAJ52,1775
AMRLPNSNYQLI,mTRAV6D-3,mTRAJ33,1774
AMERSGYGTGSKLS,mTRAV13-4/DV7,mTRAJ58,1741
VLEAGNYKYV,mTRAV9D-4,mTRAJ40,1722
ALVSSTSSGQKLV,mTRAV6D-6,mTRAJ16,1706
AAEARDPGNTGKLI,mTRAV4D-4,mTRAJ37,1648
ALGASNTNKVV,mTRAV6-7/DV9,mTRAJ34,1570
AATNYAQGLT,mTRAV14D-3/DV8,mTRAJ26,1481
AGGEGTNAYKVI,mTRAV9D-4,mTRAJ30,1441
ALSEKGGNTGKLI,mTRAV6-7/DV9,mTRAJ37,1434
APGEDTNAYKVI,mTRAV9D-4,mTRAJ30,1387
VLTGYGSSGNKLI,mTRAV9D-4,mTRAJ32,1357
AANTGYQNFY,mTRAV3D-3,mTRAJ49,1346
AVSASVRIF,mTRAV9D-4,mTRAJ31,1315
ALVDLNYKYV,mTRAV6D-4,mTRAJ40,1277
AASRHYGSSGNKLI,mTRAV14D-3/DV8,mTRAJ32,1237
ACRNSGGSNYKLT,mTRAV8D-2,mTRAJ53,1228
AVKNYGSSGNKLI,mTRAV9D-4,mTRAJ32,1188
AEKGNYKPT,mTRAV9D-4,mTRAJ6,1178
ALAYYGNEKIT,mTRAV6D-4,mTRAJ48,1171
AVRGTNTGKLT,mTRAV7-6,mTRAJ27,1157
ALSMPAGNKLT,mTRAV9D-3,mTRAJ17,1144
AVSGPTGNTGKLI,mTRAV9D-4,mTRAJ37,1137
AVRPFKPNTNKVV,mTRAV9D-4,mTRAJ34,1128
AVRRRPSNTNKVV,mTRAV9D-4,mTRAJ34,1126
AVSESAGYQNFY,mTRAV9D-4,mTRAJ49,1098
ALSHPAGNKLT,mTRAV9D-3,mTRAJ17,1073
ATDAWYNQGKLI,mTRAV8D-2,mTRAJ23,1065
AATRNNYAQGLT,mTRAV19,mTRAJ26,1057
AAEARNPGNTGKLI,mTRAV4D-4,mTRAJ37,1030
AVSTRGSALGRLH,mTRAV7-6,mTRAJ18,1012
VLGWNTGNYKYV,mTRAV9D-4,mTRAJ40,996
VLTGGFVGDNSKLI,mTRAV9D-4,mTRAJ38,995
AASGGNNRIF,mTRAV14D-3/DV8,mTRAJ31,988
AVSAHNNNAPR,mTRAV9D-4,mTRAJ43,982
ALMANYNVLY,mTRAV6D-5,mTRAJ21,960
ALRGVNSGGSNAKLT,mTRAV6-7/DV9,mTRAJ42,948
VLPSNTGYQNFY,mTRAV9D-4,mTRAJ49,941
AAGAGTTGYQNFY,mTRAV19,mTRAJ49,935
ALTPNYNVLY,mTRAV9D-3,mTRAJ21,928
AVSGNTGYQNFY,mTRAV9D-4,mTRAJ49,923
VSSNSAGNKLT,mTRAV9D-4,mTRAJ17,920
AVVGTGGYKVV,mTRAV7-6,mTRAJ12,907
AASGKLT,mTRAV4D-3,mTRAJ27,899
AAERGDTNAYKVI,mTRAV4D-4,mTRAJ30,887
ALGGNTGYQNFY,mTRAV9D-3,mTRAJ49,881
AVTPNYGSSGNKLI,mTRAV3-1,mTRAJ32,880
AASAVYGNEKIT,mTRAV14-3,mTRAJ48,873
AVSDRTTASLGKLQ,mTRAV9D-1,mTRAJ24,829
AAKMINSGGSNAKLT,mTRAV14D-3/DV8,mTRAJ42,788
ATDNNAGAKLT,mTRAV8D-1,mTRAJ39,786
ALRGISSNTNKVV,mTRAV6D-5,mTRAJ34,778
AVSRSSSSGSWQLI,mTRAV7-6,mTRAJ22,754
AVSGGTNTGKLT,mTRAV9D-1,mTRAJ27,734
ALRGSAGGYKVV,mTRAV6D-5,mTRAJ12,721
ARSGGSNYKLT,mTRAV9D-4,mTRAJ53,697
AMRLAGNTGKLI,mTRAV6D-3,mTRAJ37,694
AVIGTGGYKVV,mTRAV7-6,mTRAJ12,680
ATRRGTGNYKYV,mTRAV8D-2,mTRAJ40,679
AVTSSGQKLV,mTRAV9D-4,mTRAJ16,672
AVTPGGSNAKLT,mTRAV3D-3,mTRAJ42,671
ALRITGNTGKLI,mTRAV6-7/DV9,mTRAJ37,671
AASAINLDSNYQLI,mTRAV14D-3/DV8,mTRAJ33,666
AVSRFSTNTGKLT,mTRAV9D-4,mTRAJ27,661
AVSMSTNTGKLT,mTRAV9D-4,mTRAJ27,658
ALRRNSNNRIF,mTRAV12D-3,mTRAJ31,654
AASPTNAYKVI,mTRAV7D-2,mTRAJ30,622
AASGTTASLGKLQ,mTRAV7D-4,mTRAJ24,619
AVSPYTNAYKVI,mTRAV9D-4,mTRAJ30,618
AASWAATGYQNFY,mTRAV14-3,mTRAJ49,607
ALCGSTNTGKLT,mTRAV9D-3,mTRAJ27,597
ALSIPAGNTGKLI,mTRAV9D-3,mTRAJ37,579
VLPGNTGYQNFY,mTRAV9D-4,mTRAJ49,572
ASNYQLI,mTRAV8D-1,mTRAJ33,548
ATALGNMGYKLT,mTRAV8D-2,mTRAJ9,546
AVSANPSNTNKVV,mTRAV9D-4,mTRAJ34,542
ALSEGGSNYKLT,mTRAV6-7/DV9,mTRAJ53,536
AVSAESNTNKVV,mTRAV9D-4,mTRAJ34,506
APWNSGGSNYKLT,mTRAV7-6,mTRAJ53,506
ALAKAPGNYKYV,mTRAV6D-5,mTRAJ40,503
AVSATTGYQNFY,mTRAV9D-4,mTRAJ49,499
AVSPSNTNKVV,mTRAV9D-4,mTRAJ34,498
AVSITPGTGGNNKLT,mTRAV7-6,mTRAJ56,488
AMEQGNNNAPR,mTRAV13-4/DV7,mTRAJ43,484
AMRDPSAGNKLT,mTRAV6D-3,mTRAJ17,482
AAEALRRKIT,mTRAV4D-4,mTRAJ48,482
ALSTTFNYQLI,mTRAV9D-3,mTRAJ33,481
AVDGFNNNAPR,mTRAV9D-4,mTRAJ43,478
ALGGGSSGNKLI,mTRAV9D-3,mTRAJ32,475
VLSRSTGYQNFY,mTRAV9D-4,mTRAJ49,462
AMTTGLNSGGSNAKLT,mTRAV13-4/DV7,mTRAJ42,461
ARGASSFSKLV,mTRAV9D-3,mTRAJ50,457
AVGQDTNAYKVI,mTRAV9D-4,mTRAJ30,454
AVSARNNNAPR,mTRAV9D-4,mTRAJ43,450
ALNTNTGKLT,mTRAV12D-3,mTRAJ27,450
AAKGGNSGTYQR,mTRAV4D-4,mTRAJ13,448
ATFTPGGNYKPT,mTRAV8D-2,mTRAJ6,447
AIAPNTGNYKYV,mTRAV13D-2,mTRAJ40,447
ALGDLPSGGNYKPT,mTRAV6-7/DV9,mTRAJ6,446
AVRDARGSGYNKLT,mTRAV7D-4,mTRAJ11,440
AVDPFNNNAPR,mTRAV9D-4,mTRAJ43,440
ALRKQGTGSKLS,mTRAV6-7/DV9,mTRAJ58,439
VPDSNTNKVV,mTRAV9D-4,mTRAJ34,437
AAEGTSGSWQLI,mTRAV19,mTRAJ22,432
AVGANTGYQNFY,mTRAV9D-4,mTRAJ49,430
AVSQGTGGYKVV,mTRAV9D-1,mTRAJ12,423
AVVPTPGYQNFY,mTRAV9D-4,mTRAJ49,422
ARTRGGSNYKLT,mTRAV6-7/DV9,mTRAJ53,419
ATLPGTGSNRLT,mTRAV8D-2,mTRAJ28,412
AAIGPGYQNFY,mTRAV14-2,mTRAJ49,411
AAEVIFPGNTGKLI,mTRAV4D-4,mTRAJ37,404
AVKAPNNYAQGLT,mTRAV9D-4,mTRAJ26,402
AAGYGNEKIT,mTRAV19,mTRAJ48,401
AQERGWGNYKYV,mTRAV13D-1,mTRAJ40,400
ALSPASSGSWQLI,mTRAV6-7/DV9,mTRAJ22,398
AAGAAGYNKLT,mTRAV19,mTRAJ11,398
AASENSNNRIF,mTRAV14D-3/DV8,mTRAJ31,396
ALRAGANTGKLT,mTRAV6-7/DV9,mTRAJ52,392
AVGENTGYQNFY,mTRAV9D-4,mTRAJ49,390
AALGDSGTYQR,mTRAV14-3,mTRAJ13,390
AAEAPSPGNTGKLI,mTRAV4D-4,mTRAJ37,390
VRASSGSWQLI,mTRAV6-7/DV9,mTRAJ22,378
AAVLSSGSWQLI,mTRAV19,mTRAJ22,378
ALRGSTGGYKVV,mTRAV6D-5,mTRAJ12,377
ATFYDTNAYKVI,mTRAV8D-1,mTRAJ30,371
AVSAGAGNYKYV,mTRAV9D-4,mTRAJ40,369
AALGNEKIT,mTRAV19,mTRAJ48,368
AVSGPLGNTGKLI,mTRAV9D-4,mTRAJ37,365
AVSADTGYQNFY,mTRAV9D-4,mTRAJ49,364
AMEQGTGSKLS,mTRAV13-4/DV7,mTRAJ58,361
AADTNTNKVV,mTRAV14D-3/DV8,mTRAJ34,359
ALRATLNQGGSAKLI,mTRAV6-7/DV9,mTRAJ57,357
ALSVPQSAGNKLT,mTRAV6D-5,mTRAJ17,356
AAYATGGNNKLT,mTRAV19,mTRAJ56,356
AAASYGSSGNKLI,mTRAV14-3,mTRAJ32,353
AMTPYQGGRALI,mTRAV6D-3,mTRAJ15,347
AGRSGSWQLI,mTRAV7D-2,mTRAJ22,347
ALMTNYNVLY,mTRAV6D-5,mTRAJ21,344
AVRDTNTGKLT,mTRAV3D-3,mTRAJ27,341
ALSMDTNTGKLT,mTRAV9D-3,mTRAJ27,338
VLRGHYGSSGNKLI,mTRAV6-1,mTRAJ32,337
ALEYGSSGNKLI,mTRAV13D-1,mTRAJ32,337
AVSVSSGGNYKPT,mTRAV9D-4,mTRAJ6,332
AMRPTSGSWQLI,mTRAV6D-3,mTRAJ22,330
ATLMGYQNFY,mTRAV8D-1,mTRAJ49,328
AVSVSNNNAPR,mTRAV9D-1,mTRAJ43,327
AARDVGGNEKIT,mTRAV14-3,mTRAJ48,327
ATDAWQGGRALI,mTRAV8D-2,mTRAJ15,325
AVGRGSTGYQNFY,mTRAV9D-4,mTRAJ49,322
VLSSTNMGYKLT,mTRAV9D-4,mTRAJ9,320
AANKGYGSSGNKLI,mTRAV14-3,mTRAJ32,320
AIDPPPGNTGKLI,mTRAV13D-2,mTRAJ37,318
VLGGGDNSKLI,mTRAV9D-4,mTRAJ38,317
AIGSNTNKVV,mTRAV13D-2,mTRAJ34,317
ATGNNAGAKLT,mTRAV8D-1,mTRAJ39,315
ALSGGSNAKLT,mTRAV12D-2,mTRAJ42,314
AMEPAAEGADRLT,mTRAV13-4/DV7,mTRAJ45,310
ALDMSNYNVLY,mTRAV13D-1,mTRAJ21,308
ARVGGNMGYKLT,mTRAV9D-3,mTRAJ9,307
ARGTQVVGQLT,mTRAV9D-3,mTRAJ5,307
ALGVGDNSKLI,mTRAV9D-3,mTRAJ38,302
ALSKPSSGSWQLI,mTRAV9D-3,mTRAJ22,301
ATSYQNFY,mTRAV13D-2,mTRAJ49,299
ALSGTGFASALT,mTRAV6-7/DV9,mTRAJ35,297
AVASQAGNTGKLI,mTRAV7-6,mTRAJ37,294
APGDSSFSKLV,mTRAV9D-4,mTRAJ50,294
AVSASTGYQNFY,mTRAV9D-4,mTRAJ49,293
AVSDTNAYKVI,mTRAV7-6,mTRAJ30,291
AAEYNNNAPR,mTRAV4D-4,mTRAJ43,291
AADTNAYKVI,mTRAV4D-4,mTRAJ30,291
ATDASSGSWQLI,mTRAV8D-2,mTRAJ22,290
VLVGGYVGDNSKLI,mTRAV9D-4,mTRAJ38,289
ALERIGSNYNVLY,mTRAV13D-1,mTRAJ21,289
VLTAPGNYNVLY,mTRAV9D-4,mTRAJ21,288
AVREANTGYQNFY,mTRAV9D-4,mTRAJ49,288
AVGADNYAQGLT,mTRAV9D-4,mTRAJ26,288
AIGLSGGSNAKLT,mTRAV13D-2,mTRAJ42,287
ADFYNQGKLI,mTRAV9D-4,mTRAJ23,287
ALSIPSGSWQLI,mTRAV9D-3,mTRAJ22,284
AVSEWNYAQGLT,mTRAV7D-3,mTRAJ26,283
AVRAGGANTGKLT,mTRAV9D-4,mTRAJ52,282
AAEAGAYKVI,mTRAV4D-4,mTRAJ30,282
AAEAGMNYNQGKLI,mTRAV4D-3,mTRAJ23,279
ATDVNYGSSGNKLI,mTRAV8D-1,mTRAJ32,277
AMRVGNYAQGLT,mTRAV6D-3,mTRAJ26,276
ALSARGPNKVV,mTRAV6-7/DV9,mTRAJ34,274
VLKNGGGTGSKLS,mTRAV9D-4,mTRAJ58,273
AVSAPGNTGKLI,mTRAV9D-4,mTRAJ37,273
ALSRGGSNAKLT,mTRAV6-7/DV9,mTRAJ42,271
AIDTNAYKVI,mTRAV13D-3,mTRAJ30,271
AAEVRSPGNTGKLI,mTRAV4D-4,mTRAJ37,271
APNNAGAKLT,mTRAV8D-1,mTRAJ39,269
ALRGDRGSALGRLH,mTRAV6D-5,mTRAJ18,268
ARGGSNYNVLY,mTRAV9D-3,mTRAJ21,266
AVSPFVNTGNYKYV,mTRAV9D-4,mTRAJ40,265
VFIPTNTEGADRLT,mTRAV9D-4,mTRAJ45,264
AVSGQGNYKYV,mTRAV9D-4,mTRAJ40,263
AVGPAGYNKLT,mTRAV7-6,mTRAJ11,262
ALSTPQVVGQLT,mTRAV9D-3,mTRAJ5,262
AASIRSGQKLV,mTRAV7D-2,mTRAJ16,259
VLTEASSGSWQLI,mTRAV9D-4,mTRAJ22,258
AMRDWNTGYQNFY,mTRAV6D-3,mTRAJ49,258
AAFSMSNYNVLY,mTRAV4D-4,mTRAJ21,257
AAEGGSGGSNAKLT,mTRAV4D-4,mTRAJ42,257
AMSENNAPR,mTRAV6D-3,mTRAJ43,255
IVTDNQGGRALI,mTRAV2,mTRAJ15,254
AVDTGANTGKLT,mTRAV7-6,mTRAJ52,252
AMRRDTNAYKVI,mTRAV13-1,mTRAJ30,252
AAEASNAGAKLT,mTRAV4D-4,mTRAJ39,252
ALSMRGSNTNKVV,mTRAV9D-3,mTRAJ34,250
AAATSNTNKVV,mTRAV19,mTRAJ34,248
AHTNSAGNKLT,mTRAV6-4,mTRAJ17,246
AASSLNVGDNSKLI,mTRAV10,mTRAJ38,245
AASAGSSGSWQLI,mTRAV14-2,mTRAJ22,245
AASRENNRIF,mTRAV14-3,mTRAJ31,244
AASAIGSSGNKLI,mTRAV14D-1,mTRAJ32,244
SALSNTNKVV,mTRAV5-1,mTRAJ34,241
AMEDYGNEKIT,mTRAV13-4/DV7,mTRAJ48,240
ALSDPASSGSWQLI,mTRAV6-7/DV9,mTRAJ22,240
AVRRHSNNRIF,mTRAV9D-4,mTRAJ31,239
AAFTSGGNYKPT,mTRAV8D-2,mTRAJ6,239
VLRRNNNNAPR,mTRAV8D-2,mTRAJ43,238
AVSNNNNAPR,mTRAV7-6,mTRAJ43,238
ATGDNAGAKLT,mTRAV8D-1,mTRAJ39,238
AVSAWLTGKLT,mTRAV9D-4,mTRAJ27,237
ALSVPGTGSNRLT,mTRAV6-7/DV9,mTRAJ28,236
APIDTGNYKYV,mTRAV7-6,mTRAJ40,235
ALSDSYAQGLT,mTRAV6-7/DV9,mTRAJ26,235
ALRYTNAYKVI,mTRAV6D-5,mTRAJ30,234
ALRSNYGNEKIT,mTRAV6-7/DV9,mTRAJ48,234
ALSATGGNNKLT,mTRAV6-7/DV9,mTRAJ56,233
AALRGSALGRLH,mTRAV7D-2,mTRAJ18,232
AAVTNTGKLT,mTRAV7D-6,mTRAJ27,231
ALSSASSGSWQLI,mTRAV6-7/DV9,mTRAJ22,230
VPPEGEAQGLT,mTRAV6-1,mTRAJ26,229
VLGDRGGGYKVV,mTRAV6-2,mTRAJ12,229
AVRGDRGSNTNKVV,mTRAV9D-4,mTRAJ34,226
AAPLNNNAGAKLT,mTRAV14-3,mTRAJ39,225
AAGRNTNKVV,mTRAV19,mTRAJ34,225
ALRGMASNTNKVV,mTRAV6D-5,mTRAJ34,224
ALSEGYNVLY,mTRAV12D-3,mTRAJ21,220
ALQSLNTGYQNFY,mTRAV6-7/DV9,mTRAJ49,220
ALEGYKLT,mTRAV6D-4,mTRAJ9,215
VVGLGSSGNKLI,mTRAV11,mTRAJ32,211
VLGELPGSNAKLT,mTRAV6-2,mTRAJ42,211
ALRVPNQGGSAKLI,mTRAV6-7/DV9,mTRAJ57,211
AVSRGGTGYQNFY,mTRAV9D-4,mTRAJ49,210
AVSDSAGNKLT,mTRAV7-3,mTRAJ17,210
ALVSSTSSGQKLV,mTRAV6-7/DV9,mTRAJ16,210
ALVPASSGSWQLI,mTRAV13D-1,mTRAJ22,209
AAGALRHGNEKIT,mTRAV19,mTRAJ48,208
AMERGSNYQLI,mTRAV13D-3,mTRAJ33,207
AAAPMGTYQR,mTRAV4D-4,mTRAJ13,207
AASGGTNTGKLT,mTRAV14D-3/DV8,mTRAJ27,206
AVSAYQGGSAKLI,mTRAV9D-4,mTRAJ57,205
AASVIGSSGNKLI,mTRAV14D-1,mTRAJ32,205
AAHSGGSNAKLT,mTRAV7-6,mTRAJ42,205
ASSRYAQGLT,mTRAV13D-1,mTRAJ26,204
ALAGGSSGNKLI,mTRAV9D-3,mTRAJ32,201
VLINSAGNKLT,mTRAV9D-4,mTRAJ17,198
ALPFSMSNYNVLY,mTRAV9D-3,mTRAJ21,197
AAEALSNYNVLY,mTRAV4D-4,mTRAJ21,197
AAGRDTNAYKVI,mTRAV9D-4,mTRAJ30,196
ATFASGGNYKPT,mTRAV8D-2,mTRAJ6,195
ALGQGGSAKLI,mTRAV9D-3,mTRAJ57,194
AAVASGTGSNRLT,mTRAV4D-4,mTRAJ28,192
AAFNTGGNNKLT,mTRAV14D-3/DV8,mTRAJ56,192
AERRTNTNKVV,mTRAV9D-4,mTRAJ34,191
AAGRPNTGYQNFY,mTRAV19,mTRAJ49,190
APPMNNNAGAKLT,mTRAV13D-1,mTRAJ39,189
ALSGRSNAKLT,mTRAV9D-3,mTRAJ42,189
ADNRIF,mTRAV13D-4,mTRAJ31,187
AASSSFSKLV,mTRAV19,mTRAJ50,187
AVRGVNNNNAPR,mTRAV9D-4,mTRAJ43,186
AMPTSGGNYKPT,mTRAV13D-3,mTRAJ6,186
ALRFNMGYKLT,mTRAV9D-3,mTRAJ9,185
AVRNDTNAYKVI,mTRAV7D-3,mTRAJ30,184
AMERSRPGTGSNRLT,mTRAV13D-4,mTRAJ28,182
AWAFYGNEKIT,mTRAV8D-1,mTRAJ48,181
ALSDRRRGKLT,mTRAV6-7/DV9,mTRAJ27,181
AASDVSNYQLI,mTRAV14-3,mTRAJ33,181
ALSRRTASLGKLQ,mTRAV9D-3,mTRAJ24,180
ILRPNSNNRIF,mTRAV21/DV12,mTRAJ31,179
AVSRGNAYKVI,mTRAV9D-4,mTRAJ30,179
AASGKLI,mTRAV4D-3,mTRAJ23,179
AMSQKGGNTGKLI,mTRAV6D-3,mTRAJ37,177
ALREGTNAYKVI,mTRAV6D-5,mTRAJ30,175
AMERRYGSSGNKLI,mTRAV13D-4,mTRAJ32,174
ALRSLTGGNNKLT,mTRAV6-7/DV9,mTRAJ56,174
ALERTNAYKVI,mTRAV13D-1,mTRAJ30,174
AAEAGKDYGNEKIT,mTRAV4D-4,mTRAJ48,174
ATALFNTGNYKYV,mTRAV8D-1,mTRAJ40,172
AAKLGNSGGSNAKLT,mTRAV14D-3/DV8,mTRAJ42,172
AVRGTNTGKLT,mTRAV7D-6,mTRAJ27,171
AVSPQNNNAPR,mTRAV7-6,mTRAJ43,169
ALERPQTGFASALT,mTRAV13D-1,mTRAJ35,169
AMGRVTGYQNFY,mTRAV13-4/DV7,mTRAJ49,168
ALSQKGGNTGKLI,mTRAV6-7/DV9,mTRAJ37,168
AAYTGANTGKLT,mTRAV4D-4,mTRAJ52,168
AAEKRMPGNTGKLI,mTRAV4D-4,mTRAJ37,167
VLSAWGGNTGKLI,mTRAV9D-3,mTRAJ37,166
AVSISYNQGKLI,mTRAV7-3,mTRAJ23,166
AVSGHNNNAPR,mTRAV9D-4,mTRAJ43,166
AVSADMGYKLT,mTRAV3-1,mTRAJ9,165
ALRFTNAYKVI,mTRAV6D-5,mTRAJ30,165
AAGQQGTGSKLS,mTRAV19,mTRAJ58,163
ALRKGYKYV,mTRAV6D-5,mTRAJ40,162
AADTASSSFSKLV,mTRAV19,mTRAJ50,162
ILRAPSSNTNKVV,mTRAV21/DV12,mTRAJ34,160
ALSPRERGSNYKLT,mTRAV6-7/DV9,mTRAJ53,160
AARNNYAQGLT,mTRAV8D-1,mTRAJ26,160
AEGEGTNAYKVI,mTRAV9D-4,mTRAJ30,159
VLGEPPGNYKYV,mTRAV6-2,mTRAJ40,158
ALSGAGNTGKLI,mTRAV9D-3,mTRAJ37,157
ALRHNTNTGKLT,mTRAV12D-2,mTRAJ27,156
VLSASVYMGYKLT,mTRAV9D-4,mTRAJ9,155
ALRDPHSGGSNAKLT,mTRAV6-7/DV9,mTRAJ42,155
AARDNNNAPR,mTRAV14D-3/DV8,mTRAJ43,155
AVSSNNNNAPR,mTRAV7-5,mTRAJ43,154
AVRGYGNEKIT,mTRAV9D-4,mTRAJ48,153
AASELAYKVI,mTRAV14-1,mTRAJ30,153
ALRDSGGSNYKLT,mTRAV6-7/DV9,mTRAJ53,152
AAVMNQGGSAKLI,mTRAV19,mTRAJ57,152
AALNQGGSAKLI,mTRAV19,mTRAJ57,152
AVRYNMGYKLT,mTRAV7-5,mTRAJ9,151
ATRNNYAQGLT,mTRAV8D-1,mTRAJ26,151
ASHMGYKLT,mTRAV6D-5,mTRAJ9,151
ALSLGGSNAKLT,mTRAV6-7/DV9,mTRAJ42,151
ALETTASLGKLQ,mTRAV13D-1,mTRAJ24,151
ALDPNRLT,mTRAV13D-1,mTRAJ28,149
AVSAIGGYQNFY,mTRAV9D-4,mTRAJ49,148
ALGARELPGSWQLI,mTRAV6-7/DV9,mTRAJ22,148
AASRDTNAYKVI,mTRAV14D-3/DV8,mTRAJ30,148
ALSGNTGNYKYV,mTRAV6-7/DV9,mTRAJ40,147
AASALFNNAPR,mTRAV14D-3/DV8,mTRAJ43,146
AVSDRTTASLGKLQ,mTRAV9D-4,mTRAJ24,145
ASSNNAGAKLT,mTRAV8D-1,mTRAJ39,145
ALSRFSTNTGKLT,mTRAV9D-3,mTRAJ27,145
ALSDRTEGADRLT,mTRAV12D-3,mTRAJ45,145
AVSMGYQNFY,mTRAV7-6,mTRAJ49,144
ALGGNTGYQNFY,mTRAV9D-4,mTRAJ49,144
VLGDLHNNNAPR,mTRAV6-1,mTRAJ43,143
ARGVDTNAYKVI,mTRAV9D-4,mTRAJ30,143
ALNNAGAKLT,mTRAV7-5,mTRAJ39,143
ALGDRGGSNAKLT,mTRAV6-7/DV9,mTRAJ42,143
AVVGTGGYKVV,mTRAV7D-6,mTRAJ12,142
AARNSNTGYQNFY,mTRAV14-3,mTRAJ49,142
AAGASHMGYKLT,mTRAV19,mTRAJ9,142
AVSSSTGYQNFY,mTRAV9D-4,mTRAJ49,141
AVSPLRRGNYKYV,mTRAV9D-4,mTRAJ40,141
ARNSNNRIF,mTRAV8D-1,mTRAJ31,141
ALIQTNSAGNKLT,mTRAV9D-3,mTRAJ17,140
AATSGSWQLI,mTRAV14-2,mTRAJ22,139
VLGDQPGSNAKLT,mTRAV6-2,mTRAJ42,138
AVSPNSGTYQR,mTRAV7-6,mTRAJ13,138
ATGATSSGQKLV,mTRAV8D-2,mTRAJ16,138
ALTPNYNVLY,mTRAV9D-4,mTRAJ21,137
AGRDNTNTGKLT,mTRAV7D-6,mTRAJ27,137
AVSARGSAGNKLT,mTRAV9D-4,mTRAJ17,136
AMRLPNSNYQLI,mTRAV6-7/DV9,mTRAJ33,136
AMERSGGSNAKLT,mTRAV13-4/DV7,mTRAJ42,136
AAPFQLI,mTRAV14-2,mTRAJ33,136
AADPNTNKVV,mTRAV14D-3/DV8,mTRAJ34,136
VLGEDYGSSGNKLI,mTRAV6-1,mTRAJ32,135
ILRVQGTGSKLS,mTRAV21/DV12,mTRAJ58,134
ALSMYQGGRALI,mTRAV9D-3,mTRAJ15,134
AAGGASGGNYKPT,mTRAV14D-3/DV8,mTRAJ6,134
ALSLYQGGSAKLI,mTRAV12D-3,mTRAJ57,132
AAEARQPGNTGKLI,mTRAV4D-4,mTRAJ37,132
ATEAQVVGQLT,mTRAV8D-2,mTRAJ5,131
ALSITGGNNKLT,mTRAV6-7/DV9,mTRAJ56,131
ALSDQGNNNAPR,mTRAV6-7/DV9,mTRAJ43,131
AANYNQGKLI,mTRAV7-6,mTRAJ23,131
AVRSNNAPR,mTRAV7-6,mTRAJ43,129
AMDPNNAGAKLT,mTRAV13D-3,mTRAJ39,128
AASATGGNNKLT,mTRAV19,mTRAJ56,128
ALSGGLSGKLT,mTRAV12D-3,mTRAJ2,127
ALERTGGYKVV,mTRAV13D-1,mTRAJ12,127
AVSAYNHYQLI,mTRAV9D-4,mTRAJ33,126
AAGGGTGSKLS,mTRAV19,mTRAJ58,126
ALSLTGGNNKLT,mTRAV6-7/DV9,mTRAJ56,125
AFYDTNAYKVI,mTRAV13D-1,mTRAJ30,125
ALSPVAYQGGRALI,mTRAV9D-3,mTRAJ15,124
AAVNGANTGKLT,mTRAV19,mTRAJ52,124
AMPSHDTNAYKVI,mTRAV13-2,mTRAJ30,123
ALSWGWGNEKIT,mTRAV12D-2,mTRAJ48,123
ALGARELSSSWQLI,mTRAV6-7/DV9,mTRAJ22,123
AASRHEKIT,mTRAV14-2,mTRAJ48,123
AVSGGTNTGKLT,mTRAV9D-4,mTRAJ27,122
ALERAYNQGKLI,mTRAV13D-1,mTRAJ23,121
VTFTSGGNYKPT,mTRAV8D-2,mTRAJ6,120
ALKDQGGSAKLI,mTRAV6-7/DV9,mTRAJ57,120
ARNNNAGAKLT,mTRAV8D-1,mTRAJ39,119
ALSDSPRRGNNKLT,mTRAV6-7/DV9,mTRAJ56,119
AIEPWGGNYKPT,mTRAV13D-2,mTRAJ6,119
AVRIVNNNNAPR,mTRAV9D-4,mTRAJ43,118
AVRDTGYQNFY,mTRAV7-6,mTRAJ49,118
ALVRRGASSSFSKLV,mTRAV13D-1,mTRAJ50,118
AASLDNQGKLI,mTRAV14-2,mTRAJ23,118
AASIQGGRALI,mTRAV7D-2,mTRAJ15,118
AAIQTGYQNFY,mTRAV14-1,mTRAJ49,118
AMSYASSGSWQLI,mTRAV6D-3,mTRAJ22,117
AASDTGGNEKIT,mTRAV14-3,mTRAJ48,117
VLSASVYMGYKLT,mTRAV9D-3,mTRAJ9,116
AVSAGNSAGNKLT,mTRAV9D-4,mTRAJ17,116
AVYPHDSGYNKLT,mTRAV7-5,mTRAJ11,115
AATASSSFSKLV,mTRAV19,mTRAJ50,115
AARRAGNTGKLI,mTRAV7D-2,mTRAJ37,115
ATFTSGGNYKPT,mTRAV8-2,mTRAJ6,114
AMSDRGGGSAKLI,mTRAV6D-3,mTRAJ57,114
ALSTTNSAGNKLT,mTRAV9D-3,mTRAJ17,114
AVSEQTGGYKVV,mTRAV7D-4,mTRAJ12,113
AMEPIYNQGKLI,mTRAV13D-3,mTRAJ23,113
ALSVLNTGNYKYV,mTRAV6D-5,mTRAJ40,113
ALSGGSSGNKLI,mTRAV6D-5,mTRAJ32,113
AAEERGFASALT,mTRAV4D-3,mTRAJ35,113
AASAVRMDSNYQLI,mTRAV14D-3/DV8,mTRAJ33,112
AASMSMSAGNKLT,mTRAV14D-3/DV8,mTRAJ17,111
ALSDPNTGNYKYV,mTRAV6-7/DV9,mTRAJ40,110
ATFISGGNYKPT,mTRAV8D-2,mTRAJ6,109
AASLYQGGRALI,mTRAV14-3,mTRAJ15,109
VSPPFGSSGNKLI,mTRAV9D-4,mTRAJ32,108
AIRNNYAQGLT,mTRAV13-2,mTRAJ26,108
AADHNQGKLI,mTRAV14-1,mTRAJ23,108
APGNYKPT,mTRAV13D-2,mTRAJ6,107
AVIGTGGYKVV,mTRAV7D-6,mTRAJ12,106
APPASLGKLQ,mTRAV13D-4,mTRAJ24,106
APHNNAGAKLT,mTRAV6-7/DV9,mTRAJ39,106
ALGDNAGAKLT,mTRAV6D-6,mTRAJ39,106
AASGANYNVLY,mTRAV14-2,mTRAJ21,106
AVSGVDYQLI,mTRAV9D-4,mTRAJ33,104
AASAEFAGYQNFY,mTRAV14-1,mTRAJ49,104
VLSAIVNSKLI,mTRAV9D-3,mTRAJ38,103
AVSHSNYQLI,mTRAV7-6,mTRAJ33,103
AQRGRGNYKPT,mTRAV14-1,mTRAJ6,103
ALWYTNAYKVI,mTRAV9D-3,mTRAJ30,103
VLSTNSAGNKLT,mTRAV9D-4,mTRAJ17,102
AVSGWMGYQGGRALI,mTRAV7-3,mTRAJ15,102
AVSFNYGNEKIT,mTRAV9D-4,mTRAJ48,102
ALRGNNNAPR,mTRAV12D-3,mTRAJ43,101
AAEKGNYKYV,mTRAV4D-4,mTRAJ40,101
ALMANYNVLY,mTRAV6-7/DV9,mTRAJ21,100
AASMGGSSGNKLI,mTRAV7D-2,mTRAJ32,100
ATTASLGKLQ,mTRAV7D-2,mTRAJ24,99
AAEARTPGNTGKLI,mTRAV4D-4,mTRAJ37,99
VPGIDTNAYKVI,mTRAV9D-4,mTRAJ30,98
VLNSNTNKVV,mTRAV9D-4,mTRAJ34,98
ALCGSTNTGKLT,mTRAV9D-4,mTRAJ27,98
AASSSGSWQLI,mTRAV14-2,mTRAJ22,98
AASGTGNYKYV,mTRAV14D-3/DV8,mTRAJ40,98
AASGGSNYKLT,mTRAV14D-3/DV8,mTRAJ53,98
AASAQGNYQLI,mTRAV14-1,mTRAJ33,98
AAITGNTGKLI,mTRAV14-3,mTRAJ37,98
AAMDSNYQLI,mTRAV10,mTRAJ33,97
ALRPINSGGSNAKLT,mTRAV6-7/DV9,mTRAJ42,96
AAGGPGYQNFY,mTRAV14-1,mTRAJ49,95
AADNNQGKLI,mTRAV14-1,mTRAJ23,95
ALSPSPSGSWQLI,mTRAV12D-2,mTRAJ22,94
ALRRVQQGTGSKLS,mTRAV6-7/DV9,mTRAJ58,94
AAPNAYKVI,mTRAV14-1,mTRAJ30,94
AAGKGGNYKPT,mTRAV19,mTRAJ6,94
AAEATGGNNKLT,mTRAV19,mTRAJ56,94
AVSHYAQGLT,mTRAV9D-1,mTRAJ26,93
ALSPVYTGYQNFY,mTRAV9D-3,mTRAJ49,93
ALNYNQGKLI,mTRAV13D-1,mTRAJ23,93
AASMWSKVV,mTRAV7D-2,mTRAJ34,93
ALSEGPWNSNNRIF,mTRAV12D-2,mTRAJ31,92
AKRTNYNVLY,mTRAV7D-2,mTRAJ21,92
AASGPGYNKLT,mTRAV14-2,mTRAJ11,92
AASGETTGGNNKLT,mTRAV14-3,mTRAJ56,91
AASEGATNTGKLT,mTRAV14-2,mTRAJ27,91
ALIMTNSAGNKLT,mTRAV9D-3,mTRAJ17,90
AGGGANTGKLT,mTRAV14-2,mTRAJ52,90
AVSHNTNTGKLT,mTRAV3D-3,mTRAJ27,89
AMGHMGYKLT,mTRAV13D-4,mTRAJ9,89
ALDPTGANTGKLT,mTRAV6D-4,mTRAJ52,89
AASASSSNNRIF,mTRAV14D-3/DV8,mTRAJ31,89
AANLYQGGRALI,mTRAV14D-3/DV8,mTRAJ15,89
ATLTSGGNYKPT,mTRAV8D-2,mTRAJ6,88
AASPTNAYKVI,mTRAV7D-4,mTRAJ30,88
AVSSGYNQGKLI,mTRAV7-6,mTRAJ23,87
AMIYASSGSWQLI,mTRAV6D-3,mTRAJ22,87
AASAQGGRALI,mTRAV14-2,mTRAJ15,87
AAEGGSPGNTGKLI,mTRAV4D-4,mTRAJ37,87
AAEAGFFYNQGKLI,mTRAV4D-3,mTRAJ23,87
GDNTNTGKLT,mTRAV13D-4,mTRAJ27,86
AVTGKLT,mTRAV4D-3,mTRAJ27,86
APGTGSNRLT,mTRAV6D-5,mTRAJ28,86
ALTVGGSNAKLT,mTRAV6-7/DV9,mTRAJ42,86
ALERRGFASALT,mTRAV13D-1,mTRAJ35,86
AASSNTNKVV,mTRAV7-5,mTRAJ34,86
AAGATNQGGSAKLI,mTRAV19,mTRAJ57,86
AAGATHTNKVV,mTRAV19,mTRAJ34,86
AASNSGGSNYKLT,mTRAV19,mTRAJ53,85
ALRSMTNSAGNKLT,mTRAV12D-2,mTRAJ17,84
ALGDGTNTGKLT,mTRAV6-7/DV9,mTRAJ27,83
ALAYYGNEKIT,mTRAV6-7/DV9,mTRAJ48,83
AGPLNQGGSAKLI,mTRAV9D-4,mTRAJ57,83
ADRATSSGQKLV,mTRAV4D-3,mTRAJ16,83
AVSNLNNYAQGLT,mTRAV9D-4,mTRAJ26,82
ATRTGGYKVV,mTRAV8D-2,mTRAJ12,82
AAFNYNQGKLI,mTRAV4D-4,mTRAJ23,82
AVSAGDSNYQLI,mTRAV9D-4,mTRAJ33,81
APYTGNYKYV,mTRAV6D-6,mTRAJ40,80
ALEGRGSSGNKLI,mTRAV17,mTRAJ32,80
AASASSGSWQLI,mTRAV19,mTRAJ22,80
VLRDDTNAYKVI,mTRAV9D-4,mTRAJ30,79
AVRTGNTGKLI,mTRAV3D-3,mTRAJ37,79
AAVNNNNAPR,mTRAV19,mTRAJ43,79
AASRGSSGNKLI,mTRAV7D-2,mTRAJ32,79
AARDSNYQLI,mTRAV14-3,mTRAJ33,79
AAKGQEGGRALI,mTRAV7D-2,mTRAJ15,79
ILRPRNTEGADRLT,mTRAV21/DV12,mTRAJ45,78
ARGASSFSKLV,mTRAV9D-4,mTRAJ50,78
AADSNTNTGKLT,mTRAV14-1,mTRAJ27,78
AVTLWGSGNKLI,mTRAV3-3,mTRAJ32,77
ALSGTGGLSGKLT,mTRAV6-7/DV9,mTRAJ2,77
APQRDSNYQLI,mTRAV14-3,mTRAJ33,76
ALKRGFGSSGNKLI,mTRAV6-7/DV9,mTRAJ32,76
ALDTNTGKLT,mTRAV12D-2,mTRAJ27,76
AASRRSNYQLI,mTRAV14-2,mTRAJ33,76
AASAGRGGSNAKLT,mTRAV14D-3/DV8,mTRAJ42,76
AVTPGGSNYKLT,mTRAV3D-3,mTRAJ53,75
AVERGSNYKLT,mTRAV4D-4,mTRAJ53,75
ALKKATGGNNKLT,mTRAV6-7/DV9,mTRAJ56,75
AASGQSPGTGSNRLT,mTRAV14-2,mTRAJ28,75
AARVFYGSSGNKLI,mTRAV14D-3/DV8,mTRAJ32,75
AANPRATGGNNKLT,mTRAV19,mTRAJ56,75
AAKQQGTGSKLS,mTRAV14-1,mTRAJ58,75
AVSSQAGNTGKLI,mTRAV7D-4,mTRAJ37,74
AVSGSNNNAPR,mTRAV7-6,mTRAJ43,74
AVNSAGNKLT,mTRAV7-6,mTRAJ17,74
ALTAGTGGYKVV,mTRAV12D-2,mTRAJ12,74
AASGGSWQLI,mTRAV14D-3/DV8,mTRAJ22,74
AARTGNSGGSNAKLT,mTRAV14D-3/DV8,mTRAJ42,74
ALRELTGNTGKLI,mTRAV6-7/DV9,mTRAJ37,73
ALGGGSSGNKLI,mTRAV9D-4,mTRAJ32,73
AMRGENTGYQNFY,mTRAV16D/DV11,mTRAJ49,72
AAGAGSTGYQNFY,mTRAV19,mTRAJ49,72
VLSQYATSSGQKLV,mTRAV9D-4,mTRAJ16,71
AASSPTGYQNFY,mTRAV14-2,mTRAJ49,71
AASASSGSWQLI,mTRAV14-2,mTRAJ22,71
AAKRGDMGYKLT,mTRAV7D-4,mTRAJ9,71
AVPNSNNRIF,mTRAV7-6,mTRAJ31,70
AMTKGLNSGGSNAKLT,mTRAV13-4/DV7,mTRAJ42,70
AARYQGGRALI,mTRAV7D-2,mTRAJ15,70
AAKIINSGGSNAKLT,mTRAV14D-3/DV8,mTRAJ42,70
APYNVGDNSKLI,mTRAV7D-6,mTRAJ38,69
ALRGSAGGYKVV,mTRAV6-7/DV9,mTRAJ12,69
AASRRNNNAPR,mTRAV7D-2,mTRAJ43,69
AASKGRNYQLI,mTRAV7D-2,mTRAJ33,69
AVSSQAGNTGKLI,mTRAV7D-2,mTRAJ37,68
AMERRTGGYKVV,mTRAV13D-3,mTRAJ12,68
ALSDEVGNYQLI,mTRAV6-7/DV9,mTRAJ33,68
AFYNNAGAKLT,mTRAV13D-1,mTRAJ39,68
AASNTNTGKLT,mTRAV14D-3/DV8,mTRAJ27,68
AASFGDAPR,mTRAV14D-3/DV8,mTRAJ43,68
ARVGGNMGYKLT,mTRAV9D-4,mTRAJ9,67
ALGDRENNNAPR,mTRAV6D-6,mTRAJ43,66
AAGAYYNQGKLI,mTRAV14D-3/DV8,mTRAJ23,66
VLSRSTGYQNFY,mTRAV9D-3,mTRAJ49,65
AMRERNQGGRALI,mTRAV6D-3,mTRAJ15,65
ALRKIDAGAKLT,mTRAV6-7/DV9,mTRAJ39,65
AAIQQGGSAKLI,mTRAV14-2,mTRAJ57,65
ALEGSSGNKLI,mTRAV13D-1,mTRAJ32,64
AASWSGSWQLI,mTRAV5D-4,mTRAJ22,64
AAIGSSGNKLI,mTRAV14-2,mTRAJ32,63
ALRYNTNTGKLT,mTRAV6-7/DV9,mTRAJ27,62
ALMPNYNVLY,mTRAV6D-5,mTRAJ21,62
AISYNTNTGKLT,mTRAV13D-2,mTRAJ27,62
AASMNPASLGKLQ,mTRAV10,mTRAJ24,62
AASGGGLSGKLT,mTRAV14-3,mTRAJ2,62
AALSNYNVLY,mTRAV14-2,mTRAJ21,62
VVGITGNTGKLI,mTRAV11,mTRAJ37,61
VLGDLTGNTGKLI,mTRAV6-1,mTRAJ37,61
AVSIQGNNRIF,mTRAV7-6,mTRAJ31,61
AVSGLTGNTGKLI,mTRAV9D-4,mTRAJ37,61
AVSEAQGGSAKLI,mTRAV3D-3,mTRAJ57,61
ALSYSGTYQR,mTRAV13-2,mTRAJ13,61
ALRNTGANTGKLT,mTRAV12D-3,mTRAJ52,61
AARGIWYYNQGKLI,mTRAV14D-3/DV8,mTRAJ23,61
ALSGTGGYKVV,mTRAV12D-2,mTRAJ12,60
ALNNAGAKLT,mTRAV12D-2,mTRAJ39,60
AIGDNNNAPR,mTRAV13D-3,mTRAJ43,60
AASGKLT,mTRAV4D-4,mTRAJ27,60
AAKGTNSGGSNAKLT,mTRAV14D-3/DV8,mTRAJ42,60
AADASSSFSKLV,mTRAV14D-3/DV8,mTRAJ50,60
AVSQGTGGYKVV,mTRAV9D-4,mTRAJ12,59
AVILPSSNTNKVV,mTRAV3D-3,mTRAJ34,59
ARGGSNYNVLY,mTRAV9D-4,mTRAJ21,59
ALTAPYQGGRALI,mTRAV12D-3,mTRAJ15,59
AASAGNTGKLI,mTRAV14-2,mTRAJ37,59
VSPPGQGGSAKLI,mTRAV9D-4,mTRAJ57,58
AVTFQTGANTGKLT,mTRAV9D-4,mTRAJ52,58
AVSEGNNRIF,mTRAV3D-3,mTRAJ31,58
AMRDYTNTGKLT,mTRAV6D-3,mTRAJ27,58
AAKWSNAKLT,mTRAV14D-3/DV8,mTRAJ42,58
AVSDRTTASLGKLQ,mTRAV9D-3,mTRAJ24,57
AVSASTGNYKYV,mTRAV3D-3,mTRAJ40,57
AMRDTGNYKYV,mTRAV6D-3,mTRAJ40,57
ALSDRGPNRIF,mTRAV6-7/DV9,mTRAJ31,57
ALRKNNNNAPR,mTRAV6-7/DV9,mTRAJ43,57
AVRGFGTGNYKYV,mTRAV9D-4,mTRAJ40,56
AIFTSGGNYKPT,mTRAV8D-2,mTRAJ6,56
AIEASSSFSKLV,mTRAV13D-2,mTRAJ50,56
AAGFASALT,mTRAV4D-3,mTRAJ35,56
AVSVSNNNAPR,mTRAV9D-4,mTRAJ43,55
ALRPVNTGNYKYV,mTRAV6-7/DV9,mTRAJ40,55
AASDAYGNEKIT,mTRAV14D-1,mTRAJ48,55
AASAGYNQGKLI,mTRAV14-2,mTRAJ23,55
AALGGSWQLI,mTRAV4D-3,mTRAJ22,55
VLSAWGGNTGKLI,mTRAV9D-4,mTRAJ37,54
AMRVGTGGYKVV,mTRAV6D-3,mTRAJ12,54
ALNLGGNNNAPR,mTRAV6-7/DV9,mTRAJ43,54
AASPKGKLI,mTRAV14-2,mTRAJ23,54
AASKGGSAKLI,mTRAV14D-3/DV8,mTRAJ57,54
AVSSNTNKVV,mTRAV7-5,mTRAJ34,53
AVGPPGTGSNRLT,mTRAV7-5,mTRAJ28,53
AMCGGSNYKLT,mTRAV13D-3,mTRAJ53,53
ALVHQGGSAKLI,mTRAV13D-1,mTRAJ57,53
ALAKAPGNYKYV,mTRAV6-7/DV9,mTRAJ40,53
AASTGANTGKLT,mTRAV4D-4,mTRAJ52,53
AVSMFGAPR,mTRAV7-6,mTRAJ43,52
ALSANNAGAKLT,mTRAV6-7/DV9,mTRAJ39,52
AASNTGNYKYV,mTRAV7D-2,mTRAJ40,52
AASNPSSSGSWQLI,mTRAV14-2,mTRAJ22,52
AASGATGYQNFY,mTRAV14-3,mTRAJ49,52
AASAEGTNAYKVI,mTRAV14D-1,mTRAJ30,52
AAGGQGGSAKLI,mTRAV19,mTRAJ57,52
VRRNYGSSGNKLI,mTRAV6-1,mTRAJ32,51
APPASSGSWQLI,mTRAV14-2,mTRAJ22,51
ALPFSMSNYNVLY,mTRAV9D-4,mTRAJ21,51
AASRVGSAGNKLT,mTRAV14D-1,mTRAJ17,51
VLSAWGKNYNQGKLI,mTRAV9D-3,mTRAJ23,50
AVTPNSNNRIF,mTRAV7-5,mTRAJ31,50
AVRRNGGSNAKLT,mTRAV3-3,mTRAJ42,50
AMQRNQGGSAKLI,mTRAV13D-4,mTRAJ57,50
AASAVARDSNYQLI,mTRAV14D-3/DV8,mTRAJ33,50
AASAGGSNAKLT,mTRAV14-3,mTRAJ42,50
AARTGNTGKLI,mTRAV7D-2,mTRAJ37,50
AARMQQGTGSKLS,mTRAV14D-3/DV8,mTRAJ58,50
DTFTSGGNYKPT,mTRAV8D-2,mTRAJ6,49
AVSDTNAYKVI,mTRAV3D-3,mTRAJ30,49
ARGTQVVGQLT,mTRAV9D-4,mTRAJ5,49
ALSDTGGNNKLT,mTRAV6-7/DV9,mTRAJ56,49
ALSAGQNEKIT,mTRAV6-7/DV9,mTRAJ48,49
ALGTRELPGSWQLI,mTRAV6-7/DV9,mTRAJ22,49
ILNTGANTGKLT,mTRAV21/DV12,mTRAJ52,48
AVSMTNNAPR,mTRAV7-6,mTRAJ43,48
AMRLAGNTGKLI,mTRAV6-7/DV9,mTRAJ37,48
AASVIGNYQLI,mTRAV14D-3/DV8,mTRAJ33,48
AANYGNEKIT,mTRAV14D-3/DV8,mTRAJ48,48
AAGGQSPGTGSNRLT,mTRAV14-2,mTRAJ28,48
AAGGGNEKIT,mTRAV14-2,mTRAJ48,48
IVTSDYNQGKLI,mTRAV2,mTRAJ23,47
AVSTPSGNKLI,mTRAV9D-1,mTRAJ32,47
APGTRELSGSWQLI,mTRAV6-7/DV9,mTRAJ22,47
APGTGNAYKVI,mTRAV4-2,mTRAJ30,47
ALTPEGPGYQNFY,mTRAV13D-1,mTRAJ49,47
ALRQNNNAGAKLT,mTRAV6-7/DV9,mTRAJ39,47
ALRKWKLV,mTRAV12D-1,mTRAJ16,47
AASVPNTNKVV,mTRAV5D-4,mTRAJ34,47
AVSTQGGRALI,mTRAV7-6,mTRAJ15,46
AVASQAGNTGKLI,mTRAV7D-6,mTRAJ37,46
ATGTDSNYQLI,mTRAV8D-1,mTRAJ33,46
ALSEGTGNYKYV,mTRAV12D-2,mTRAJ40,46
ALGVGDNSKLI,mTRAV9D-4,mTRAJ38,46
ALGGTGGYKVV,mTRAV6-7/DV9,mTRAJ12,46
AASRTGGYKVV,mTRAV14-2,mTRAJ12,46
AVSRYGNNAPR,mTRAV9D-1,mTRAJ43,45
AVSRGAGAKLT,mTRAV7-6,mTRAJ39,45
AVSGNPGGSNYKLT,mTRAV3D-3,mTRAJ53,45
AVSAWNGSSGNKLI,mTRAV9D-1,mTRAJ32,45
APGEDTNAYKVI,mTRAV9D-3,mTRAJ30,45
ANNAPR,mTRAV3D-3,mTRAJ43,45
AMGDTGYQNFY,mTRAV13-4/DV7,mTRAJ49,45
AASMQWGNMGYKLT,mTRAV7D-2,mTRAJ9,45
AARGSALGRLH,mTRAV7D-2,mTRAJ18,45
AALRGYNQGKLI,mTRAV14-1,mTRAJ23,45
AVSKGTNTGKLT,mTRAV7-6,mTRAJ27,44
ALRLYAQGLT,mTRAV12D-3,mTRAJ26,44
ALDHRGYNQGKLI,mTRAV13D-1,mTRAJ23,44
AASGGQGGRALI,mTRAV7D-2,mTRAJ15,44
AARASSSFSKLV,mTRAV7D-2,mTRAJ50,44
AAPDSNYQLI,mTRAV14-2,mTRAJ33,44
AALGNNAGAKLT,mTRAV14-2,mTRAJ39,44
AAHTGANTGKLT,mTRAV4D-3,mTRAJ52,44
AVSARGTNAYKVI,mTRAV9D-1,mTRAJ30,43
APRPGNTGKLI,mTRAV12D-2,mTRAJ37,43
AMERNNNAPR,mTRAV13D-4,mTRAJ43,43
ALRKNNNAPR,mTRAV6-7/DV9,mTRAJ43,43
ALDARELSGSWQLI,mTRAV6-7/DV9,mTRAJ22,43
AAKWWNNAGAKLT,mTRAV7D-2,mTRAJ39,43
AAEALANYNVLY,mTRAV4D-4,mTRAJ21,43
AAEAAQGGRALI,mTRAV4D-4,mTRAJ15,43
VLGVGDNSKLI,mTRAV9D-4,mTRAJ38,42
AVKSDWTGNTGKLI,mTRAV7-5,mTRAJ37,42
AMEGNNNAPR,mTRAV13D-3,mTRAJ43,42
ALIANYNVLY,mTRAV6D-5,mTRAJ21,42
AAHKGNYQLI,mTRAV14-1,mTRAJ33,42
ILRVPVPQTGFASALT,mTRAV21/DV12,mTRAJ35,41
AVSGGTNTGKLT,mTRAV9D-3,mTRAJ27,41
AVNRGSALGRLH,mTRAV7-6,mTRAJ18,41
ARRITGNTGKLI,mTRAV12-1,mTRAJ37,41
ANFTSGGNYKPT,mTRAV8D-2,mTRAJ6,41
ALIPNSGGSNAKLT,mTRAV12D-2,mTRAJ42,41
ALGETGFASALT,mTRAV6-7/DV9,mTRAJ35,41
AEYNVLY,mTRAV3-3,mTRAJ21,41
AASWDNQGKLI,mTRAV14-2,mTRAJ23,41
AARNNAGAKLT,mTRAV7D-4,mTRAJ39,41
VLLQQGTGSKLS,mTRAV6-7/DV9,mTRAJ58,40
ALSDRNSAGNKLT,mTRAV12D-3,mTRAJ17,40
ALITGNTGKLI,mTRAV13-4/DV7,mTRAJ37,40
AIEFYGNEKIT,mTRAV13D-2,mTRAJ48,40
AAVQGNYKYV,mTRAV14-2,mTRAJ40,40
AALMNNNAGAKLT,mTRAV14D-3/DV8,mTRAJ39,40
AAGNVGDNSKLI,mTRAV4D-4,mTRAJ38,40
VLSAWGATGNTGKLI,mTRAV9D-3,mTRAJ37,39
APEDSGTYQR,mTRAV7D-2,mTRAJ13,39
ALGDLFSSGSWQLI,mTRAV6-7/DV9,mTRAJ22,39
AASYLYAQGLT,mTRAV14D-1,mTRAJ26,39
AASPMNQGGSAKLI,mTRAV14D-3/DV8,mTRAJ57,39
AAGANGSSGNKLI,mTRAV19,mTRAJ32,39
VLSAWGLTGNTGKLI,mTRAV9D-3,mTRAJ37,38
GEGNNNAPR,mTRAV3-4,mTRAJ43,38
AVSAYASSGSWQLI,mTRAV7-5,mTRAJ22,38
AVKGQGGSAKLI,mTRAV7-6,mTRAJ57,38
AVGTNTGKLT,mTRAV7D-3,mTRAJ27,38
AVEAPNTNKVV,mTRAV4-2,mTRAJ34,38
APGGGNEKIT,mTRAV14-2,mTRAJ48,38
ALVPAQNQGKLI,mTRAV6D-6,mTRAJ23,38
ALSPNNNNAPR,mTRAV12D-2,mTRAJ43,38
ALNPPNRGNTGKLI,mTRAV12D-2,mTRAJ37,38
AAANWIGNNKLT,mTRAV14D-1,mTRAJ56,38
VLSSNSAGNKLT,mTRAV9D-4,mTRAJ17,37
VLGDYPGSNAKLT,mTRAV6-2,mTRAJ42,37
AVGGPSGNKLI,mTRAV9D-1,mTRAJ32,37
ATRNMGYKLT,mTRAV8-2,mTRAJ9,37
ASRRTGNTGKLI,mTRAV12D-1,mTRAJ37,37
ALSEKRGNTGKLI,mTRAV6-7/DV9,mTRAJ37,37
ALSDHQGGSAKLI,mTRAV6-7/DV9,mTRAJ57,37
ALSDGGGSNYKLT,mTRAV6-7/DV9,mTRAJ53,37
ALAGGSSGNKLI,mTRAV9D-4,mTRAJ32,37
AFRRGTGNYKYV,mTRAV13D-1,mTRAJ40,37
AASTGANTGKLT,mTRAV14-2,mTRAJ52,37
AAKIWSSGSWQLI,mTRAV7D-2,mTRAJ22,37
AAEVRDPGNTGKLI,mTRAV4D-4,mTRAJ37,37
VLRTVSGDSNYQLI,mTRAV9D-4,mTRAJ33,36
AVSPYQGGRALI,mTRAV7-5,mTRAJ15,36
AVSARGTGYQNFY,mTRAV9D-4,mTRAJ49,36
AVRGYGNEKIT,mTRAV9D-1,mTRAJ48,36
AVRDQGGSAKLI,mTRAV1,mTRAJ57,36
AMSVPSSSFSKLV,mTRAV16D/DV11,mTRAJ50,36
ALSMAHGNEKIT,mTRAV9D-3,mTRAJ48,36
ALSHPAGNKLI,mTRAV9D-3,mTRAJ32,36
ALSEPHTNKVV,mTRAV12D-2,mTRAJ34,36
ALGHTGNYKYV,mTRAV6D-6,mTRAJ40,36
AIDTVNTGNYKYV,mTRAV13D-2,mTRAJ40,36
AASPNYGSSGNKLI,mTRAV7D-2,mTRAJ32,36
AAKGWSSGSWQLI,mTRAV7D-2,mTRAJ22,36
AAGGANTGKLT,mTRAV14-2,mTRAJ52,36
VVVTSGGNYKPT,mTRAV11,mTRAJ6,35
AVSIQSNNRIF,mTRAV7-6,mTRAJ31,35
AVGTGNAYKVI,mTRAV4-2,mTRAJ30,35
ALTSNSNNRIF,mTRAV12D-2,mTRAJ31,35
ALSAPGGSAKLI,mTRAV6D-6,mTRAJ57,35
ALGGSKNKVV,mTRAV6D-6,mTRAJ34,35
AASESGNTGKLI,mTRAV7D-2,mTRAJ37,35
AAEGGSNAKLT,mTRAV4D-4,mTRAJ42,35
AVRTTASLGKLQ,mTRAV1,mTRAJ24,34
ATFTTGGNYKPT,mTRAV8D-2,mTRAJ6,34
APGEDTNAYKVI,mTRAV6-7/DV9,mTRAJ30,34
AMEGGGNEKIT,mTRAV13-4/DV7,mTRAJ48,34
ALSVPQSAGNKLT,mTRAV6-7/DV9,mTRAJ17,34
ADNNNAPR,mTRAV3D-3,mTRAJ43,34
AARKGGTGNYKYV,mTRAV14-3,mTRAJ40,34
AVSPTGNYKYV,mTRAV7-6,mTRAJ40,33
AVSPRYNTGNYKYV,mTRAV7-5,mTRAJ40,33
AMRNIASSSFSKLV,mTRAV16D/DV11,mTRAJ50,33
AASMGTNAYKVI,mTRAV7D-2,mTRAJ30,33
AASFDWGYNQGKLI,mTRAV14-2,mTRAJ23,33
AVSARAGSWQLI,mTRAV9D-1,mTRAJ22,32
AMERAAEGADRLT,mTRAV13-4/DV7,mTRAJ45,32
ALMTNYNVLY,mTRAV6-7/DV9,mTRAJ21,32
AATGGGSNYKLT,mTRAV14D-3/DV8,mTRAJ53,32
AASDVGGNEKIT,mTRAV14D-1,mTRAJ48,32
VLRPRVTNAYKVI,mTRAV9D-4,mTRAJ30,31
AVSAVNYNVLY,mTRAV3-3,mTRAJ21,31
ALSGRYYGNEKIT,mTRAV6-7/DV9,mTRAJ48,31
AICGGSNYKLT,mTRAV13D-3,mTRAJ53,31
AGGEGTNAYKVI,mTRAV9D-3,mTRAJ30,31
AAVPGTGYQNFY,mTRAV14D-3/DV8,mTRAJ49,31
AAIPGSWQLI,mTRAV14-2,mTRAJ22,31
AADAGNYKYV,mTRAV4D-4,mTRAJ40,31
AAASYGSSGNKLI,mTRAV14D-3/DV8,mTRAJ32,31
VSSNSAGNKLT,mTRAV9D-3,mTRAJ17,30
VLRGFGTGNYKYV,mTRAV9D-4,mTRAJ40,30
VGTGFASALT,mTRAV11,mTRAJ35,30
ILRVMQQGTGSKLS,mTRAV21/DV12,mTRAJ58,30
AVSRSTGSNRLT,mTRAV7-3,mTRAJ28,30
AMRPTSGSWQLI,mTRAV6-7/DV9,mTRAJ22,30
AIVPASSGSWQLI,mTRAV13D-2,mTRAJ22,30
AASVGNYKPT,mTRAV14D-3/DV8,mTRAJ6,30
AASRNNYAQGLT,mTRAV7D-2,mTRAJ26,30
AASAVYGNEKIT,mTRAV14-2,mTRAJ48,30
AAGSYGSSGNKLI,mTRAV14D-3/DV8,mTRAJ32,30
AAGSGGSNAKLT,mTRAV14-2,mTRAJ42,30
AVSAKTGYQNFY,mTRAV9D-4,mTRAJ49,29
AVRKGLDTGYQNFY,mTRAV3D-3,mTRAJ49,29
AVAGDNQGKLI,mTRAV9D-1,mTRAJ23,29
ARRFYNTNTGKLT,mTRAV17,mTRAJ27,29
AMRNTNTGKLT,mTRAV16,mTRAJ27,29
AMRDYGSSGNKLI,mTRAV16D/DV11,mTRAJ32,29
ALSIPSGSWQLI,mTRAV6-7/DV9,mTRAJ22,29
ALSGMNYGSSGNKLI,mTRAV12D-2,mTRAJ32,29
ALSDPTKNYNQGKLI,mTRAV12D-2,mTRAJ23,29
ALRGAGNTGKLI,mTRAV12D-2,mTRAJ37,29
AGGEGTNAYKVI,mTRAV6-7/DV9,mTRAJ30,29
AASWSQGGRALI,mTRAV14-2,mTRAJ15,29
AASTGASSFSKLV,mTRAV14-2,mTRAJ50,29
AASSRRFYYGNEKIT,mTRAV14D-3/DV8,mTRAJ48,29
AASGIGANTGKLT,mTRAV14-2,mTRAJ52,29
AARITGNTGKLI,mTRAV14D-3/DV8,mTRAJ37,29
AANTGYQNFY,mTRAV3-3,mTRAJ49,29
ILRVAPGGNNKLT,mTRAV21/DV12,mTRAJ56,28
AVSTRGSALGRLH,mTRAV7D-4,mTRAJ18,28
AVSAQGTGNYKYV,mTRAV9D-1,mTRAJ40,28
ALSDRDSAGNKLT,mTRAV12D-3,mTRAJ17,28
ALETRELSGSWQLI,mTRAV6-7/DV9,mTRAJ22,28
ALERGNQGGRALI,mTRAV6D-6,mTRAJ15,28
AATGGGQGGSAKLI,mTRAV14-2,mTRAJ57,28
AASRVEAGAKLT,mTRAV14-2,mTRAJ39,28
AAQSPGNTGKLI,mTRAV7D-4,mTRAJ37,28
AAIYGATGGNNKLT,mTRAV14D-3/DV8,mTRAJ56,28
VLSAWGGNTGKLI,mTRAV9D-1,mTRAJ37,27
VLGAIVNSKLI,mTRAV9D-4,mTRAJ38,27
ILRVLTGNTGKLI,mTRAV21/DV12,mTRAJ37,27
AVTHSGGSNAKLT,mTRAV7-5,mTRAJ42,27
AVSAPPSGSWQLI,mTRAV3-3,mTRAJ22,27
AMTPYQGGRALI,mTRAV6-7/DV9,mTRAJ15,27
AMRDPSAGNKLT,mTRAV6-7/DV9,mTRAJ17,27
ALSGGNMGYKLT,mTRAV12D-3,mTRAJ9,27
ALSDTNTGKLT,mTRAV12D-2,mTRAJ27,27
ALRGSTGGYKVV,mTRAV6-7/DV9,mTRAJ12,27
AASIYQGGRALI,mTRAV5D-4,mTRAJ15,27
AASGSGGSNAKLT,mTRAV5D-4,mTRAJ42,27
AASGSGGSNAKLT,mTRAV14-1,mTRAJ42,27
AARGSNYQLI,mTRAV14D-3/DV8,mTRAJ33,27
VLPSNTGYQNFY,mTRAV9D-3,mTRAJ49,26
AVTGKRSGGSNYKLT,mTRAV3D-3,mTRAJ53,26
AVSKVGNNNAPR,mTRAV9D-1,mTRAJ43,26
AVSASNAYKVI,mTRAV9D-1,mTRAJ30,26
ARSGGSNYKLT,mTRAV9D-3,mTRAJ53,26
ALGARELFGSWQLI,mTRAV6-7/DV9,mTRAJ22,26
AASWTGNYKYV,mTRAV7D-2,mTRAJ40,26
AASPPGYQNFY,mTRAV5D-4,mTRAJ49,26
AAGDGSNTNKVV,mTRAV19,mTRAJ34,26
AAEAKSPGNTGKLI,mTRAV4D-3,mTRAJ37,26
VLTGGFVGDNSKLI,mTRAV9D-3,mTRAJ38,25
VLSGVWNTNTGKLT,mTRAV9D-3,mTRAJ27,25
EANYNQGKLI,mTRAV7D-2,mTRAJ23,25
AMEPSSEGADRLT,mTRAV13-4/DV7,mTRAJ45,25
ALRPGGSNAKLT,mTRAV12D-3,mTRAJ42,25
ALRGDRGSALGRLH,mTRAV6-7/DV9,mTRAJ18,25
ALRGAVSNYNVLY,mTRAV12D-2,mTRAJ21,25
AASSQGGSAKLI,mTRAV14D-3/DV8,mTRAJ57,25
AASITGNTGKLI,mTRAV14-2,mTRAJ37,25
AALSAGNKLT,mTRAV14-2,mTRAJ17,25
AVGSNTGYQNFY,mTRAV9D-3,mTRAJ49,24
AQNYGSSGNKLI,mTRAV6-7/DV9,mTRAJ32,24
ALSVMSNYNVLY,mTRAV12D-2,mTRAJ21,24
AINVGDNSKLI,mTRAV7-5,mTRAJ38,24
AASRTGNYKYV,mTRAV7D-2,mTRAJ40,24
AASRAGYQNFY,mTRAV7D-2,mTRAJ49,24
AASALPGTGSNRLT,mTRAV14D-3/DV8,mTRAJ28,24
AARGTSSGQKLV,mTRAV14-2,mTRAJ16,24
AAMDSNYQLI,mTRAV14D-3/DV8,mTRAJ33,24
AAKETNSGGSNAKLT,mTRAV14D-3/DV8,mTRAJ42,24
AAASSGSWQLI,mTRAV12D-2,mTRAJ22,24
AVTPGGSNAKLT,mTRAV3-3,mTRAJ42,23
AVSMSTNTGKLT,mTRAV9-3,mTRAJ27,23
AVSAYTGYQNFY,mTRAV9D-4,mTRAJ49,23
AVSAGGNTGKLI,mTRAV9D-1,mTRAJ37,23
AVRGTNTGKLT,mTRAV7D-2,mTRAJ27,23
ASRRTGNTGKLI,mTRAV12D-3,mTRAJ37,23
APRPSLGKLQ,mTRAV7D-2,mTRAJ24,23
ALSPQGGRALI,mTRAV12D-1,mTRAJ15,23
ALSEGAGNYKYV,mTRAV6-7/DV9,mTRAJ40,23
ALSDEGAGNTGKLI,mTRAV12D-2,mTRAJ37,23
ALPASSGQKLV,mTRAV12D-2,mTRAJ16,23
ALGQGGSAKLI,mTRAV9D-4,mTRAJ57,23
ALGNNNAPR,mTRAV12D-2,mTRAJ43,23
AASSYNQGKLI,mTRAV5D-4,mTRAJ23,23
AASNNNAGAKLT,mTRAV7D-4,mTRAJ39,23
AANDYGNEKIT,mTRAV14-2,mTRAJ48,23
AAGSVNTGNYKYV,mTRAV14-1,mTRAJ40,23
AAGNTGNYKYV,mTRAV7D-2,mTRAJ40,23
AAEARGGSNYKLT,mTRAV4D-4,mTRAJ53,23
VLSAIVNSKLI,mTRAV9D-4,mTRAJ38,22
AVTPNYGSSGNKLI,mTRAV3D-3,mTRAJ32,22
AVSYVNTGNYKYV,mTRAV3D-3,mTRAJ40,22
AVKTGNTGKLI,mTRAV3-3,mTRAJ37,22
ALWYTNAYKVI,mTRAV9D-4,mTRAJ30,22
ALSMPAGNKLT,mTRAV6-7/DV9,mTRAJ17,22
ALRYTNAYKVI,mTRAV6-7/DV9,mTRAJ30,22
ALRWSNNRIF,mTRAV6D-6,mTRAJ31,22
ALGARELYGSWQLI,mTRAV6-7/DV9,mTRAJ22,22
AASYTNTGKLT,mTRAV7D-4,mTRAJ27,22
AASRNTNAYKVI,mTRAV14-2,mTRAJ30,22
AASPTGSAGNKLT,mTRAV14D-1,mTRAJ17,22
AANTGGLSGKLT,mTRAV14-1,mTRAJ2,22
AAFGNNNAPR,mTRAV7D-4,mTRAJ43,22
AAEAQNPGNTGKLI,mTRAV4D-4,mTRAJ37,22
AAASNTNTGKLT,mTRAV14-1,mTRAJ27,22
AAANNNNAPR,mTRAV4D-3,mTRAJ43,22
VVGAMNNNAGAKLT,mTRAV11,mTRAJ39,21
VLGWNTGNYKYV,mTRAV9D-3,mTRAJ40,21
ILRVVLTGYQNFY,mTRAV21/DV12,mTRAJ49,21
AVSTRGSALGRLH,mTRAV7D-2,mTRAJ18,21
AMAPNTNAYKVI,mTRAV13D-2,mTRAJ30,21
ALSLGGSNNAPR,mTRAV6-7/DV9,mTRAJ43,21
ALSDQYYGNEKIT,mTRAV6-7/DV9,mTRAJ48,21
ALRRMTTASLGKLQ,mTRAV12D-2,mTRAJ24,21
ADNTGANTGKLT,mTRAV7D-2,mTRAJ52,21
AASGYGNEKIT,mTRAV14-2,mTRAJ48,21
AASDGNYKYV,mTRAV5D-4,mTRAJ40,21
AASANGGSAKLI,mTRAV14D-3/DV8,mTRAJ57,21
AALMQQGTGSKLS,mTRAV14-1,mTRAJ58,21
VLGAWGGNTGKLI,mTRAV9D-4,mTRAJ37,20
ILRVEAGSGGNYKPT,mTRAV21/DV12,mTRAJ6,20
AVSSGNAYKVI,mTRAV9D-1,mTRAJ30,20
AVSPHNTGNYKYV,mTRAV7-5,mTRAJ40,20
AVSNYASSGSWQLI,mTRAV7-5,mTRAJ22,20
AMSENNAPR,mTRAV6-7/DV9,mTRAJ43,20
ALWRNNNAPR,mTRAV6D-5,mTRAJ43,20
ALTDMNQGGSAKLI,mTRAV6D-6,mTRAJ57,20
ALSGWGGNYKYV,mTRAV12D-3,mTRAJ40,20
ALRMNYNQGKLI,mTRAV12D-2,mTRAJ23,20
AEKGNYKPT,mTRAV8D-2,mTRAJ6,20
ADNTGANTGKLT,mTRAV7D-4,mTRAJ52,20
AAKMINSGGSNAKLT,mTRAV14-2,mTRAJ42,20
VLSLNSAGNKLT,mTRAV9D-4,mTRAJ17,19
VLSEIPGGYKVV,mTRAV9D-3,mTRAJ12,19
AVSYQGGRALI,mTRAV7-6,mTRAJ15,19
AVSPPWGNNRIF,mTRAV3D-3,mTRAJ31,19
AVSGWGVGDNSKLI,mTRAV3D-3,mTRAJ38,19
AVSEWGSGGSNYKLT,mTRAV3D-3,mTRAJ53,19
AMSQKGGNTGKLI,mTRAV6-7/DV9,mTRAJ37,19
AATTTASLGKLQ,mTRAV7D-4,mTRAJ24,19
AASRGRTGYQNFY,mTRAV14D-3/DV8,mTRAJ49,19
AASPTNTGNYKYV,mTRAV5D-4,mTRAJ40,19
AASPKNSGGSNAKLT,mTRAV14D-3/DV8,mTRAJ42,19
AASATNAYKVI,mTRAV7D-2,mTRAJ30,19
AASASSGSWQLI,mTRAV5D-4,mTRAJ22,19
AARDQGTGSKLS,mTRAV14D-3/DV8,mTRAJ58,19
AAIQGGSAKLI,mTRAV5D-4,mTRAJ57,19
AAGRSNTNKVV,mTRAV19,mTRAJ34,19
AAGNSAGNKLT,mTRAV7D-2,mTRAJ17,19
VVDTSSSFSKLV,mTRAV11,mTRAJ50,18
VLSWGGFASALT,mTRAV9D-4,mTRAJ35,18
SASKFLGSSGNKLI,mTRAV5-1,mTRAJ32,18
GLPGNTGYQNFY,mTRAV9D-4,mTRAJ49,18
AVSVSNNNAPR,mTRAV9D-3,mTRAJ43,18
AVSSGYNQGKLI,mTRAV7D-6,mTRAJ23,18
AVSGSANTGNYKYV,mTRAV3D-3,mTRAJ40,18
AVSARTGYQNFY,mTRAV3D-3,mTRAJ49,18
AVSAPGFASALT,mTRAV3D-3,mTRAJ35,18
AMRVGNYAQGLT,mTRAV6-7/DV9,mTRAJ26,18
AMREVTNYNVLY,mTRAV16D/DV11,mTRAJ21,18
ALVSTGGNNKLT,mTRAV6-4,mTRAJ56,18
ALTRRGRNYKYV,mTRAV12D-2,mTRAJ40,18
ALTAGSGTYQR,mTRAV12D-2,mTRAJ13,18
ALSKPSSGSWQLI,mTRAV6-7/DV9,mTRAJ22,18
ALSEWSGYNKLT,mTRAV6-7/DV9,mTRAJ11,18
ALIQTNSAGNKLT,mTRAV9D-4,mTRAJ17,18
ALGGGSSGNKLI,mTRAV6-7/DV9,mTRAJ32,18
AIPRPKVI,mTRAV13-2,mTRAJ30,18
AAVMDSNYQLI,mTRAV14-1,mTRAJ33,18
AASVVRSAGNKLT,mTRAV14-2,mTRAJ17,18
AASNSGGSNYKLT,mTRAV14D-3/DV8,mTRAJ53,18
AARPGNSGGSNAKLT,mTRAV14D-3/DV8,mTRAJ42,18
AAGGDQGGRALI,mTRAV7D-2,mTRAJ15,18
VLSAWRWQGTGSKLS,mTRAV9D-3,mTRAJ58,17
AVSQGTGGYKVV,mTRAV9D-3,mTRAJ12,17
AVARGNMGYKLT,mTRAV7D-3,mTRAJ9,17
AMEPAAEGADRLT,mTRAV13D-1,mTRAJ45,17
ALTPNYNVLY,mTRAV6-7/DV9,mTRAJ21,17
ALSLGGDNNAPR,mTRAV6-7/DV9,mTRAJ43,17
ALSDRYCGNEKIT,mTRAV6-7/DV9,mTRAJ48,17
ALRYSGGSNAKLT,mTRAV12D-2,mTRAJ42,17
ALRKGYKYV,mTRAV6-7/DV9,mTRAJ40,17
ALMGSSSFSKLV,mTRAV12D-2,mTRAJ50,17
ALGTRELFGSWQLI,mTRAV6-7/DV9,mTRAJ22,17
ALGDSAGNKLT,mTRAV6D-6,mTRAJ17,17
AASVPGYQNFY,mTRAV14-2,mTRAJ49,17
AASTTGYQNFY,mTRAV7D-2,mTRAJ49,17
AASSQGGSAKLI,mTRAV5D-4,mTRAJ57,17
AASRHYGSSGNKLI,mTRAV14-3,mTRAJ32,17
AASPYGSSGNKLI,mTRAV14-2,mTRAJ32,17
AASPGNTGKLI,mTRAV14D-1,mTRAJ37,17
AASIDRGSALGRLH,mTRAV14-2,mTRAJ18,17
AASGTNTGKLT,mTRAV7D-2,mTRAJ27,17
AASGGGANYGNEKIT,mTRAV14D-1,mTRAJ48,17
AASAVYGNEKIT,mTRAV14D-3/DV8,mTRAJ48,17
AARGTNSGGSNAKLT,mTRAV14D-1,mTRAJ42,17
AAGTSTGGYKVV,mTRAV7D-4,mTRAJ12,17
VLSAWGETGNTGKLI,mTRAV9D-3,mTRAJ37,16
AVVGTGGYKVV,mTRAV7D-2,mTRAJ12,16
AVSGGGISTGNYKYV,mTRAV9D-1,mTRAJ40,16
AVSAQGYQNFY,mTRAV3-4,mTRAJ49,16
AVSAQGTGNYKYV,mTRAV9D-4,mTRAJ40,16
AVSAHTGYQNFY,mTRAV9D-4,mTRAJ49,16
AVRSNNAPR,mTRAV7D-6,mTRAJ43,16
AVGEDNYAQGLT,mTRAV9D-4,mTRAJ26,16
ARAGNTGKLI,mTRAV5D-4,mTRAJ37,16
AMTTGLNSGGSNAKLT,mTRAV13D-2,mTRAJ42,16
ALTSPYQGGRALI,mTRAV12D-3,mTRAJ15,16
ALSIPAGNTGKLI,mTRAV6-7/DV9,mTRAJ37,16
ALMANYNVLY,mTRAV6D-7,mTRAJ21,16
ALLNGSSGNKLI,mTRAV12-1,mTRAJ32,16
ALGARGLSGSWQLI,mTRAV6-7/DV9,mTRAJ22,16
AGGNSGGSNAKLT,mTRAV7-3,mTRAJ42,16
AATPPASLGKLQ,mTRAV4-2,mTRAJ24,16
AASEGANTGKLT,mTRAV14-2,mTRAJ52,16
AASDQGGSAKLI,mTRAV5D-4,mTRAJ57,16
AASAGNTGKLT,mTRAV14-2,mTRAJ27,16
AARPSSGSWQLI,mTRAV7D-2,mTRAJ22,16
AALNTNTGKLT,mTRAV5D-4,mTRAJ27,16
AAASQTGGYKVV,mTRAV7D-2,mTRAJ12,16
VLSAWGEWTGNTGKLI,mTRAV9D-3,mTRAJ37,15
VHTEGADRLT,mTRAV9D-3,mTRAJ45,15
ILRVAGQQGTGSKLS,mTRAV21/DV12,mTRAJ58,15
AVRGTNTGKLT,mTRAV7D-4,mTRAJ27,15
AVKAGNTGKLI,mTRAV9D-1,mTRAJ37,15
AVIGTGGYKVV,mTRAV7D-2,mTRAJ12,15
AVDPFNNNAPR,mTRAV9D-3,mTRAJ43,15
ASRRTGNTGKLI,mTRAV12D-2,mTRAJ37,15
APSPNNNAGAKLT,mTRAV12D-3,mTRAJ39,15
AMREGGGGRALI,mTRAV16,mTRAJ15,15
AMRDWNTGYQNFY,mTRAV6-7/DV9,mTRAJ49,15
ALVDYQGGRALI,mTRAV6D-4,mTRAJ15,15
ALSPASSGSWQLI,mTRAV6D-6,mTRAJ22,15
ALSGSTGYQNFY,mTRAV9D-3,mTRAJ49,15
ALSDRCYGNEKIT,mTRAV6-7/DV9,mTRAJ48,15
ALRSSNTNKVV,mTRAV12D-2,mTRAJ34,15
ALRGTGNTGKLI,mTRAV6-7/DV9,mTRAJ37,15
ALGNWGGADRLT,mTRAV6D-6,mTRAJ45,15
ALGDNAGAKLT,mTRAV6-7/DV9,mTRAJ39,15
AASGSGANTGKLT,mTRAV14-2,mTRAJ52,15
AAPIASSSFSKLV,mTRAV7D-2,mTRAJ50,15
AAESRGSNAKLT,mTRAV14-2,mTRAJ42,15
VPDSNTNKVV,mTRAV9D-3,mTRAJ34,14
VLSQYATSSGQKLV,mTRAV9D-3,mTRAJ16,14
VLSAWANTGANTGKLT,mTRAV9D-3,mTRAJ52,14
VLSATYYNVLY,mTRAV9D-3,mTRAJ21,14
VLSALVNSKLI,mTRAV9D-3,mTRAJ38,14
VLGGGDNSKLI,mTRAV9D-3,mTRAJ38,14
AVTDSNYQLI,mTRAV5D-4,mTRAJ33,14
AVSMSSNYQLI,mTRAV7-3,mTRAJ33,14
ALWVRGGNTGKLI,mTRAV15-1/DV6-1,mTRAJ37,14
ALWELNNNNAPR,mTRAV15-1/DV6-1,mTRAJ43,14
ALVGKGTGSKLS,mTRAV17,mTRAJ58,14
ALTADTNAYKVI,mTRAV12D-3,mTRAJ30,14
ALSRAPGTGSNRLT,mTRAV6D-5,mTRAJ28,14
ALSGLPGTGSNRLT,mTRAV12D-3,mTRAJ28,14
ALSGAAGNYKYV,mTRAV12D-3,mTRAJ40,14
ALSEPISNTNKVV,mTRAV12D-2,mTRAJ34,14
ALCGSTNTGKLT,mTRAV6-7/DV9,mTRAJ27,14
AGRGANTNTGKLT,mTRAV7-3,mTRAJ27,14
AASWAATGYQNFY,mTRAV14-2,mTRAJ49,14
AASRHYGSSGNKLI,mTRAV14-2,mTRAJ32,14
AASPAGYQNFY,mTRAV5D-4,mTRAJ49,14
AASHYNQGKLI,mTRAV14D-3/DV8,mTRAJ23,14
AASGKLI,mTRAV4D-4,mTRAJ23,14
AASARSNYQLI,mTRAV14-2,mTRAJ33,14
AAPHDTNAYKVI,mTRAV7D-4,mTRAJ30,14
AALSVNTGNYKYV,mTRAV14-1,mTRAJ40,14
AAGSPTGYQNFY,mTRAV14-2,mTRAJ49,14
ILRVHPSSFSKLV,mTRAV21/DV12,mTRAJ50,13
AVVGTGGYKVV,mTRAV7D-4,mTRAJ12,13
AVSSQASNTGKLI,mTRAV7-6,mTRAJ37,13
AVSMLPGTGSNRLT,mTRAV7D-5,mTRAJ28,13
AVNTGNYKYV,mTRAV7-3,mTRAJ40,13
AVENTNTGKLT,mTRAV4-2,mTRAJ27,13
AMEQGNNNAPR,mTRAV13D-4,mTRAJ43,13
ALSWMQQGTGSKLS,mTRAV12D-2,mTRAJ58,13
ALSIINMGYKLT,mTRAV6-7/DV9,mTRAJ9,13
ALSHPAGNKLT,mTRAV6-7/DV9,mTRAJ17,13
ALSGFSLGKLQ,mTRAV12D-3,mTRAJ24,13
ALSDSHSNNRIF,mTRAV12D-2,mTRAJ31,13
ALSDQGGRALI,mTRAV12D-3,mTRAJ15,13
ALRRINPGGSNAKLT,mTRAV6-7/DV9,mTRAJ42,13
ALRGVNTGNYKYV,mTRAV12D-3,mTRAJ40,13
ALGEDNAGAKLT,mTRAV6D-6,mTRAJ39,13
AHTEGADRLT,mTRAV9D-4,mTRAJ45,13
AGGNTGNYKYV,mTRAV7D-2,mTRAJ40,13
ADRATSSGQKLV,mTRAV4D-4,mTRAJ16,13
AASVLWGNAPR,mTRAV14D-3/DV8,mTRAJ43,13
AASMINQGKLI,mTRAV10,mTRAJ23,13
AASMAGNTGKLI,mTRAV14-2,mTRAJ37,13
AASLSGNTGKLI,mTRAV14-2,mTRAJ37,13
AASATTGGGNNKLT,mTRAV14D-1,mTRAJ56,13
AAHTGNYKYV,mTRAV14-1,mTRAJ40,13
AAEARAPGNTGKLI,mTRAV4D-4,mTRAJ37,13
VLSAWRQQGTGSKLS,mTRAV9D-3,mTRAJ58,12
VLSAWRGTGANTGKLT,mTRAV9D-3,mTRAJ52,12
VLKNGGGTGSKLS,mTRAV9D-3,mTRAJ58,12
ILRVSSNTNKVV,mTRAV21/DV12,mTRAJ34,12
ILRKSGYNQGKLI,mTRAV21/DV12,mTRAJ23,12
AVSRSSSSGSWQLI,mTRAV7D-2,mTRAJ22,12
AVSRGIRYAQGLT,mTRAV7-3,mTRAJ26,12
AVSPTGNTGKLI,mTRAV9D-4,mTRAJ37,12
AVSMTTASLGKLQ,mTRAV9D-1,mTRAJ24,12
AVSHYAQGLT,mTRAV9D-4,mTRAJ26,12
AVSEGPGYQNFY,mTRAV7-5,mTRAJ49,12
AVSAWNGSSGNKLI,mTRAV9D-4,mTRAJ32,12
ATFPSGGNYKPT,mTRAV8D-2,mTRAJ6,12
AMGGDNYAQGLT,mTRAV9D-4,mTRAJ26,12
ALSGGSSGNKLI,mTRAV6-7/DV9,mTRAJ32,12
ALSESSSSFSKLV,mTRAV15-2/DV6-2,mTRAJ50,12
ALSDRYHGNEKIT,mTRAV6-7/DV9,mTRAJ48,12
ALPFVSKLV,mTRAV13D-1,mTRAJ50,12
ALGENYGSSGNKLI,mTRAV6D-6,mTRAJ32,12
ALGDRENNNAPR,mTRAV6-7/DV9,mTRAJ43,12
ALGAGDNAGAKLT,mTRAV6D-6,mTRAJ39,12
AASVIGSSGNKLI,mTRAV14D-3/DV8,mTRAJ32,12
AASSYQGGRALI,mTRAV7D-2,mTRAJ15,12
AASAVYGNEKIT,mTRAV14-1,mTRAJ48,12
AARDVGGNEKIT,mTRAV14D-3/DV8,mTRAJ48,12
AALRGSALGRLHFGAGTQLIVIPDHCVTNSAGNKLT,mTRAV7D-4,mTRAJ17,12
AAERGDTNAYKVI,mTRAV4D-3,mTRAJ30,12
AAEALRRKIT,mTRAV4D-3,mTRAJ48,12
VLSAPGGYKVV,mTRAV9D-3,mTRAJ12,11
VANYNQGKLI,mTRAV7D-2,mTRAJ23,11
SATNTNTGKLT,mTRAV5-1,mTRAJ27,11
ILRVAGYNQGKLI,mTRAV21/DV12,mTRAJ23,11
GTFTSGGNYKPT,mTRAV8D-2,mTRAJ6,11
AVSRSSSSGSWQLI,mTRAV7D-4,mTRAJ22,11
AVSRGTNTGKLT,mTRAV7-3,mTRAJ27,11
AVSRGSNYNVLY,mTRAV9D-1,mTRAJ21,11
AVSPSGGNYKPT,mTRAV7-5,mTRAJ6,11
AVSPQAGNTGKLI,mTRAV7-6,mTRAJ37,11
AVSINNYAQGLT,mTRAV7-5,mTRAJ26,11
AVSARGTNAYKVI,mTRAV9D-4,mTRAJ30,11
AVSANTGYQNFY,mTRAV9D-3,mTRAJ49,11
AVRVERGSSGNKLI,mTRAV1,mTRAJ32,11
AVRPHTGNYKYV,mTRAV3D-3,mTRAJ40,11
AVNSAGNKLT,mTRAV7D-6,mTRAJ17,11
AVGSQAGNTGKLI,mTRAV7-6,mTRAJ37,11
AVGPNTGYQNFY,mTRAV9D-4,mTRAJ49,11
AVGPGNYKYV,mTRAV7-3,mTRAJ40,11
AVGNYGSSGNKLI,mTRAV3D-3,mTRAJ32,11
ATSSSGGNYKPT,mTRAV8D-2,mTRAJ6,11
ASHMGYKLT,mTRAV6-7/DV9,mTRAJ9,11
ASFTSGGNYKPT,mTRAV8D-2,mTRAJ6,11
ARSGGSNYKLT,mTRAV6-7/DV9,mTRAJ53,11
AMRRGTNAYKVI,mTRAV13D-4,mTRAJ30,11
AMRGLAASGSWQLI,mTRAV16D/DV11,mTRAJ22,11
AMREGGTGGYKVV,mTRAV16D/DV11,mTRAJ12,11
ALSPWGSGNKLI,mTRAV12D-2,mTRAJ32,11
ALSLGDVGDNSKLI,mTRAV15-2/DV6-2,mTRAJ38,11
ALSEKGGRALI,mTRAV6D-6,mTRAJ15,11
ALRGSAGGYKVV,mTRAV6D-7,mTRAJ12,11
ALGDLPSGGNYKPT,mTRAV8D-2,mTRAJ6,11
ALGARELTGSWQLI,mTRAV6-7/DV9,mTRAJ22,11
AIGLSGGSNAKLT,mTRAV13D-1,mTRAJ42,11
AFMRNNAGAKLT,mTRAV12D-2,mTRAJ39,11
ADNRIF,mTRAV13-1,mTRAJ31,11
AATRGSMGYKLT,mTRAV10D,mTRAJ9,11
AASWAATGYQNFY,mTRAV14D-3/DV8,mTRAJ49,11
AASPTGANTGKLT,mTRAV7D-2,mTRAJ52,11
AASMQGGSAKLI,mTRAV5D-4,mTRAJ57,11
AASGNNNAGAKLT,mTRAV14-2,mTRAJ39,11
AASGGVNGNNRIF,mTRAV5D-4,mTRAJ31,11
AASGAGNTGKLI,mTRAV14-2,mTRAJ37,11
AASDVYQGGRALI,mTRAV7D-4,mTRAJ15,11
AASAIGSSGNKLI,mTRAV14D-3/DV8,mTRAJ32,11
AAPNTGANTGKLT,mTRAV5D-4,mTRAJ52,11
AANKGYGSSGNKLI,mTRAV14D-3/DV8,mTRAJ32,11
AALKGSALGRLH,mTRAV7D-4,mTRAJ18,11
AAIYTGNYKYV,mTRAV7D-2,mTRAJ40,11
AAEARNPGNTGKLI,mTRAV4D-3,mTRAJ37,11
VRTEGADRLT,mTRAV9D-4,mTRAJ45,10
VLTAPGNYNVLY,mTRAV9D-3,mTRAJ21,10
VLSAWGKNYNQGKLI,mTRAV9D-4,mTRAJ23,10
VLSAWGGNTGKLI,mTRAV6-7/DV9,mTRAJ37,10
VLGEWPNAGAKLT,mTRAV6-2,mTRAJ39,10
VLEAGNYKYV,mTRAV9D-3,mTRAJ40,10
VHAEGADRLT,mTRAV9D-4,mTRAJ45,10
VEGADRLT,mTRAV9D-1,mTRAJ45,10
TPEDSGTYQR,mTRAV7D-4,mTRAJ13,10
SASNGNYAQGLT,mTRAV5-1,mTRAJ26,10
AVSRNSGGSNYKLT,mTRAV3-4,mTRAJ53,10
AVSRGNNRIF,mTRAV7-6,mTRAJ31,10
AVSRGNAYKVI,mTRAV9-3,mTRAJ30,10
AVSMNTGGLSGKLT,mTRAV3-1,mTRAJ2,10
AVSAITGYQNFY,mTRAV9D-4,mTRAJ49,10
AVIQFNNAGAKLT,mTRAV3-4,mTRAJ39,10
AVHKGNYQLI,mTRAV14-1,mTRAJ33,10
AVGQDTNAYKVI,mTRAV9D-3,mTRAJ30,10
ATALYGNEKIT,mTRAV8D-1,mTRAJ48,10
AQRGRGNYKPT,mTRAV14D-3/DV8,mTRAJ6,10
APYTGNYKYV,mTRAV6-7/DV9,mTRAJ40,10
APGGYNQGKLI,mTRAV5D-4,mTRAJ23,10
AMTTGLNSGGSNAKLT,mTRAV13D-4,mTRAJ42,10
AMTTGLNSGGSNAKLT,mTRAV13-1,mTRAJ42,10
AMSYASSGSWQLI,mTRAV6-7/DV9,mTRAJ22,10
AMGPHYGNEKIT,mTRAV16D/DV11,mTRAJ48,10
AMCPGRGSALGRLH,mTRAV16D/DV11,mTRAJ18,10
ALSDYFAGNKLT,mTRAV6-7/DV9,mTRAJ17,10
ALSDRWQGGRALI,mTRAV6D-6,mTRAJ15,10
ALSDRGSALGRLH,mTRAV12D-3,mTRAJ18,10
ALRRLTTASLGKLQ,mTRAV12D-2,mTRAJ24,10
ALRPLSTASLGKLQ,mTRAV12D-2,mTRAJ24,10
ALIMTNSAGNKLT,mTRAV9D-4,mTRAJ17,10
ALGPDGGQGGRALI,mTRAV6D-6,mTRAJ15,10
ALGDSGGYKVV,mTRAV6D-6,mTRAJ12,10
AIDPPPGNTGKLI,mTRAV13-2,mTRAJ37,10
AGGEAGSSGNKLI,mTRAV9D-1,mTRAJ32,10
AERRTNTNKVV,mTRAV9D-3,mTRAJ34,10
AASSGGSNYKLT,mTRAV7D-4,mTRAJ53,10
AASELAYKVI,mTRAV14D-3/DV8,mTRAJ30,10
AARDTGNYKYV,mTRAV7D-2,mTRAJ40,10
AALPGGSALGRLH,mTRAV7D-4,mTRAJ18,10
AALGGSALGRLH,mTRAV7D-4,mTRAJ18,10
AALGDSGTYQR,mTRAV14D-3/DV8,mTRAJ13,10
AAEARDPGNTGKLI,mTRAV4D-3,mTRAJ37,10
VVGATNTGKLT,mTRAV11,mTRAJ27,9
VLSSTNMGYKLT,mTRAV9D-1,mTRAJ9,9
VLSGGMDSNYQLI,mTRAV9D-3,mTRAJ33,9
VLSAIVNSKLI,mTRAV6-7/DV9,mTRAJ38,9
VDNRIF,mTRAV13D-1,mTRAJ31,9
SARPRNTGNYKYV,mTRAV5-1,mTRAJ40,9
AVSTNTNTGKLT,mTRAV7-5,mTRAJ27,9
AVSITPGTGGNNKLT,mTRAV7D-4,mTRAJ56,9
AVSEGPTATGGNNKLT,mTRAV3D-3,mTRAJ56,9
AVSDRTTASLGKLQ,mTRAV9-4,mTRAJ24,9
AVSAWNTEGADRLT,mTRAV7D-5,mTRAJ45,9
AVSAGAGNYKYV,mTRAV6-7/DV9,mTRAJ40,9
AVRDARGSGYNKLT,mTRAV7-2,mTRAJ11,9
AVGGDNYAQGLT,mTRAV9D-3,mTRAJ26,9
AVDPFNNNAPR,mTRAV6-7/DV9,mTRAJ43,9
AVDGFNNNAPR,mTRAV9D-3,mTRAJ43,9
AVDGFNNNAPR,mTRAV6-7/DV9,mTRAJ43,9
ATFTAGGNYKPT,mTRAV8D-2,mTRAJ6,9
ATDTSSSFSKLV,mTRAV8D-1,mTRAJ50,9
ARGTQVVGQLT,mTRAV6-7/DV9,mTRAJ5,9
AQLNTNTGKLT,mTRAV12D-2,mTRAJ27,9
APWNSGGSNYKLT,mTRAV7D-4,mTRAJ53,9
APWNSGGSNYKLT,mTRAV7D-2,mTRAJ53,9
APRGRGGRALI,mTRAV7-3,mTRAJ15,9
APQMNYNQGKLI,mTRAV14D-3/DV8,mTRAJ23,9
APGTGSNRLT,mTRAV6-7/DV9,mTRAJ28,9
APENSGTYQR,mTRAV7D-4,mTRAJ13,9
AMREGRGNNNAPR,mTRAV16D/DV11,mTRAJ43,9
AMEKGGNMGYKLT,mTRAV16D/DV11,mTRAJ9,9
ALSMGTGYQNFY,mTRAV9D-3,mTRAJ49,9
ALSDLVGDNSKLI,mTRAV12D-2,mTRAJ38,9
ALSDHGGSAKLI,mTRAV12D-3,mTRAJ57,9
ALRFTNAYKVI,mTRAV6-7/DV9,mTRAJ30,9
ALREGTNAYKVI,mTRAV6-7/DV9,mTRAJ30,9
ALGVGDNSKLI,mTRAV6-7/DV9,mTRAJ38,9
ALGQGGSAKLI,mTRAV6-7/DV9,mTRAJ57,9
ALEGYKLT,mTRAV6-7/DV9,mTRAJ9,9
AGYLSGSWQLI,mTRAV7D-2,mTRAJ22,9
AGRSGSWQLI,mTRAV7D-4,mTRAJ22,9
ADSRIF,mTRAV13D-1,mTRAJ31,9
AASVVDGAGANTGKLT,mTRAV7D-4,mTRAJ52,9
AASKIAYKVI,mTRAV14-2,mTRAJ30,9
AASGTTASLGKLQ,mTRAV7D-2,mTRAJ24,9
AASGTTASLGKLQ,mTRAV7-6,mTRAJ24,9
AASGSGNEKIT,mTRAV14-2,mTRAJ48,9
AASGPGYQNFY,mTRAV5D-4,mTRAJ49,9
AASGGTNTGKLT,mTRAV14-2,mTRAJ27,9
AASGGSSGSWQLI,mTRAV14-1,mTRAJ22,9
AASERNNNNAPR,mTRAV7D-4,mTRAJ43,9
AASENSNNRIF,mTRAV14-2,mTRAJ31,9
AASEGTGNYKYV,mTRAV5D-4,mTRAJ40,9
AASEGNNAPR,mTRAV7D-4,mTRAJ43,9
AARDVGGNEKIT,mTRAV14-2,mTRAJ48,9
AALGDSGTYQR,mTRAV14-2,mTRAJ13,9
AAKMINSGGSNAKLT,mTRAV14D-1,mTRAJ42,9
AAKMINSGGSNAKLT,mTRAV14-3,mTRAJ42,9
AAIQRGGSAKLI,mTRAV14-2,mTRAJ57,9
AAIGPGYQNFY,mTRAV14D-3/DV8,mTRAJ49,9
AAHRSLTGNTGKLI,mTRAV14D-1,mTRAJ37,9
AAFSSGGNYKPT,mTRAV8D-2,mTRAJ6,9
AAEGSNYKLT,mTRAV10,mTRAJ53,9
AADTNTNKVV,mTRAV14-2,mTRAJ34,9
VLTEASSGSWQLI,mTRAV9D-3,mTRAJ22,8
VLSGWGRTGNTGKLI,mTRAV9D-3,mTRAJ37,8
VLSEVTNTGKLT,mTRAV9D-3,mTRAJ27,8
VLSASVYMGYKLT,mTRAV9D-1,mTRAJ9,8
VLSANTGNYKYV,mTRAV9D-3,mTRAJ40,8
ILRVHNQGGSAKLI,mTRAV21/DV12,mTRAJ57,8
AVVPTPGYQNFY,mTRAV9D-3,mTRAJ49,8
AVSRFSTNTGKLT,mTRAV6-7/DV9,mTRAJ27,8
AVSPRFNTGNYKYV,mTRAV7-5,mTRAJ40,8
AVSLTTASLGKLQ,mTRAV9D-1,mTRAJ24,8
AVSISYNQGKLI,mTRAV7D-2,mTRAJ23,8
AVSGVNNRIF,mTRAV7D-5,mTRAJ31,8
AVSELGNYKYV,mTRAV6-7/DV9,mTRAJ40,8
AVSAWGGNTGKLI,mTRAV9D-4,mTRAJ37,8
AVSAGNAGAKLT,mTRAV9D-1,mTRAJ39,8
AVNRGSALGRLH,mTRAV7D-6,mTRAJ18,8
AVLRGSALGRLH,mTRAV7D-4,mTRAJ18,8
AVGPGGYKVV,mTRAV9D-4,mTRAJ12,8
AVCLKSNNRIF,mTRAV7-5,mTRAJ31,8
ATSYQNFY,mTRAV13D-1,mTRAJ49,8
ASIGPGYQNFY,mTRAV14-2,mTRAJ49,8
ARDNNNNAPR,mTRAV10,mTRAJ43,8
APRKVV,mTRAV12D-2,mTRAJ34,8
APFTSGGNYKPT,mTRAV8D-2,mTRAJ6,8
AMSDRGGGSAKLI,mTRAV6-7/DV9,mTRAJ57,8
AMREGNSGGSNAKLT,mTRAV16D/DV11,mTRAJ42,8
AMRDWSTGYQNFY,mTRAV6D-3,mTRAJ49,8
AMERSRPGTGSNRLT,mTRAV13-4/DV7,mTRAJ28,8
AMEPAAEGADRLT,mTRAV13D-2,mTRAJ45,8
ALWELGNYAQGLT,mTRAV15-1/DV6-1,mTRAJ26,8
ALTRGGSNYKLT,mTRAV6D-6,mTRAJ53,8
ALSVPQSAGNKLT,mTRAV6D-7,mTRAJ17,8
ALSPYGSSGNKLI,mTRAV12D-3,mTRAJ32,8
ALGAEGADRLT,mTRAV13D-1,mTRAJ45,8
AIDPPPGNTGKLI,mTRAV13D-1,mTRAJ37,8
AGRRAGNTGKLI,mTRAV3-4,mTRAJ37,8
ADSTGANTGKLT,mTRAV7-6,mTRAJ52,8
ADFYNQGKLI,mTRAV9D-3,mTRAJ23,8
AASTTTASLGKLQ,mTRAV10,mTRAJ24,8
AASSVNTGNYKYV,mTRAV10D,mTRAJ40,8
AASIRSGQKLV,mTRAV7D-4,mTRAJ16,8
AASIGGSSGNKLI,mTRAV7D-2,mTRAJ32,8
AASHGNNRIF,mTRAV5D-4,mTRAJ31,8
AASENSNNRIF,mTRAV14-3,mTRAJ31,8
AASEDTGANTGKLT,mTRAV7D-4,mTRAJ52,8
AASAGSWQLI,mTRAV10,mTRAJ22,8
AASAGSNNRIF,mTRAV5D-4,mTRAJ31,8
AAKDNNNAPR,mTRAV14-1,mTRAJ43,8
AAIQTGYQNFY,mTRAV14D-3/DV8,mTRAJ49,8
AAGTNTGYQNFY,mTRAV9D-4,mTRAJ49,8
AAGNVNTGNYKYV,mTRAV10D,mTRAJ40,8
AAEERGFASALT,mTRAV4D-4,mTRAJ35,8
AAEARVPDNTGKLI,mTRAV4D-4,mTRAJ37,8
AAEAPSPGNTGKLI,mTRAV4D-3,mTRAJ37,8
AAEAGFFYNQGKLI,mTRAV4D-4,mTRAJ23,8
AAAVNNQGKLI,mTRAV10,mTRAJ23,8
VVGNNTNTGKLT,mTRAV11,mTRAJ27,7
VLSGNSGGSNAKLT,mTRAV9D-3,mTRAJ42,7
VLSAIVNSKLI,mTRAV9D-1,mTRAJ38,7
ILTGFASALT,mTRAV21/DV12,mTRAJ35,7
AVSRGGNTGKLI,mTRAV7-5,mTRAJ37,7
AVSPSGYQNFY,mTRAV3-4,mTRAJ49,7
AVSISYNQGKLI,mTRAV7D-3,mTRAJ23,7
AVSDTNAYKVI,mTRAV7D-2,mTRAJ30,7
AVSASNAYKVI,mTRAV9D-4,mTRAJ30,7
AVSANTGYQNFY,mTRAV6-7/DV9,mTRAJ49,7
AVSAGTGGYKVV,mTRAV9D-1,mTRAJ12,7
AVRITGNTGKLI,mTRAV14D-3/DV8,mTRAJ37,7
AVIGTGGYKVV,mTRAV7D-4,mTRAJ12,7
AVGGGNYAQGLT,mTRAV9D-4,mTRAJ26,7
AVGGDNYAQGLA,mTRAV9D-4,mTRAJ26,7
AVDGFNNNAPR,mTRAV9D-1,mTRAJ43,7
ATRRDTNAYKVI,mTRAV13D-4,mTRAJ30,7
ATNYNQGKLI,mTRAV7D-2,mTRAJ23,7
ATFSLGGNYKPT,mTRAV8D-2,mTRAJ6,7
ARTRGGSNYKLT,mTRAV6D-5,mTRAJ53,7
APSNSNNRIF,mTRAV16D/DV11,mTRAJ31,7
APGDSSFSKLV,mTRAV6-7/DV9,mTRAJ50,7
APEDAGTYQR,mTRAV7D-4,mTRAJ13,7
AMERRYGSSGNKLI,mTRAV13-1,mTRAJ32,7
AMEQGTGSKLS,mTRAV13-1,mTRAJ58,7
ALWTRELSGSWQLI,mTRAV6-7/DV9,mTRAJ22,7
ALSTTFNYQLI,mTRAV6-7/DV9,mTRAJ33,7
ALSKGLSNTNKVV,mTRAV12D-2,mTRAJ34,7
ALSGRSNAKLT,mTRAV6-7/DV9,mTRAJ42,7
ALSGPSGSWQLI,mTRAV12D-3,mTRAJ22,7
ALRKQGTGSKLS,mTRAV6D-5,mTRAJ58,7
ALRITGNTGKLI,mTRAV6D-5,mTRAJ37,7
ALRGLASNTNKVV,mTRAV6-7/DV9,mTRAJ34,7
ALKEGSGGSNAKLT,mTRAV6D-6,mTRAJ42,7
ALGTRTNTGKLT,mTRAV6D-6,mTRAJ27,7
ALGSNTNKVV,mTRAV12D-2,mTRAJ34,7
ALGMSTGYQNFY,mTRAV9D-3,mTRAJ49,7
ALGDTGYQNFY,mTRAV6D-6,mTRAJ49,7
ALGARELSCSWQLI,mTRAV6-7/DV9,mTRAJ22,7
ALCARELSGSWQLI,mTRAV6-7/DV9,mTRAJ22,7
ALAPSNYNVLY,mTRAV6-4,mTRAJ21,7
AIAPNTGNYKYV,mTRAV13-2,mTRAJ40,7
AEGEGTNAYKVI,mTRAV9D-3,mTRAJ30,7
AATDSNYQLI,mTRAV10,mTRAJ33,7
AASVTGNTGKLI,mTRAV14-2,mTRAJ37,7
AASRYNQGKLI,mTRAV10,mTRAJ23,7
AASRSNQGGSAKLI,mTRAV5D-4,mTRAJ57,7
AASPSSGSWQLI,mTRAV5D-4,mTRAJ22,7
AASNPSGSWQLI,mTRAV10,mTRAJ22,7
AASNANTGNYKYV,mTRAV10D,mTRAJ40,7
AASMKSNYQLI,mTRAV7D-2,mTRAJ33,7
AASLDYGSSGNKLI,mTRAV5D-4,mTRAJ32,7
AASIGTNTGKLT,mTRAV7D-2,mTRAJ27,7
AASGNNAGAKLT,mTRAV14-2,mTRAJ39,7
AASERTGFASALT,mTRAV7D-4,mTRAJ35,7
AASAINLDSNYQLI,mTRAV14-2,mTRAJ33,7
AASAIGSSGNKLI,mTRAV14-2,mTRAJ32,7
AASAANTGNYKYV,mTRAV14D-1,mTRAJ40,7
AARRAGNTGKLI,mTRAV7D-4,mTRAJ37,7
AANKGYGSSGNKLI,mTRAV14-2,mTRAJ32,7
AALSGGSNAKLT,mTRAV5D-4,mTRAJ42,7
AAKEPNSGGSNAKLT,mTRAV14D-1,mTRAJ42,7
AAIWYGNEKIT,mTRAV5D-4,mTRAJ48,7
AAHDSGYNKLT,mTRAV7D-2,mTRAJ11,7
AAGSNTGYQNFY,mTRAV9D-4,mTRAJ49,7
AAGAGSSGSWQLI,mTRAV14-2,mTRAJ22,7
AAFSYGGSNYKLT,mTRAV5D-4,mTRAJ53,7
AAFNTGGNNKLT,mTRAV14-2,mTRAJ56,7
VVASNNNAGAKLT,mTRAV11,mTRAJ39,6
VRASSGSWQLI,mTRAV6D-5,mTRAJ22,6
VPPSNTGYQNFY,mTRAV9D-4,mTRAJ49,6
VPPEGEAQGLT,mTRAV6-7/DV9,mTRAJ26,6
VLVGGYVGDNSKLI,mTRAV9D-3,mTRAJ38,6
VLSRSTGYQNFY,mTRAV9D-1,mTRAJ49,6
VLSAWSSNTGANTGKLT,mTRAV9D-3,mTRAJ52,6
VLSAWGMTGNTGKLI,mTRAV9D-3,mTRAJ37,6
VLSAWGKTGNTGKLI,mTRAV9D-3,mTRAJ37,6
VLSASVYMGYKLT,mTRAV6-7/DV9,mTRAJ9,6
VLRTVSGDSNYQLI,mTRAV9D-3,mTRAJ33,6
VLGSTNMGYKLT,mTRAV9D-4,mTRAJ9,6
SAMNYNQGKLI,mTRAV5-1,mTRAJ23,6
AVSTQGNYKYV,mTRAV9D-4,mTRAJ40,6
AVSTQGGRALI,mTRAV7D-6,mTRAJ15,6
AVSSYGSSGNKLI,mTRAV9D-1,mTRAJ32,6
AVSSGNAYKVI,mTRAV9D-4,mTRAJ30,6
AVSNLNNYAQGLT,mTRAV9-3,mTRAJ26,6
AVSITPGTGGNNKLT,mTRAV7D-2,mTRAJ56,6
AVSDWGPAKLI,mTRAV9D-4,mTRAJ57,6
AVSDSAGNKLT,mTRAV7D-2,mTRAJ17,6
AVSAVNYNVLY,mTRAV3D-3,mTRAJ21,6
AVSASVYMGYKLT,mTRAV9D-4,mTRAJ9,6
AVSAGGNTGKLI,mTRAV9D-4,mTRAJ37,6
AVRDARGSGYNKLT,mTRAV7-6,mTRAJ11,6
AVRAGGANTGKLT,mTRAV6-7/DV9,mTRAJ52,6
AVKAPNNYAQGLT,mTRAV9D-3,mTRAJ26,6
AVGRDNYAQGLT,mTRAV9D-4,mTRAJ26,6
AVGMQGNYKYV,mTRAV9D-4,mTRAJ40,6
AVGADNYAQGLT,mTRAV9D-3,mTRAJ26,6
AVASQAGNTGKLI,mTRAV7D-4,mTRAJ37,6
ATRLAGNTGKLI,mTRAV6D-3,mTRAJ37,6
ATLRGSALGRLH,mTRAV7D-4,mTRAJ18,6
ATLMGYQNFY,mTRAV8D-2,mTRAJ49,6
ATGNNAGAKLT,mTRAV8D-2,mTRAJ39,6
ATFSPGGNYKPT,mTRAV8D-2,mTRAJ6,6
ATDAPSSFSKLV,mTRAV8D-1,mTRAJ50,6
ASNYQLI,mTRAV8D-2,mTRAJ33,6
APRRINSGGSNAKLT,mTRAV6-7/DV9,mTRAJ42,6
APEDPGTYQR,mTRAV7D-4,mTRAJ13,6
ANNRIF,mTRAV13D-1,mTRAJ31,6
AMRVGTGGYKVV,mTRAV6-7/DV9,mTRAJ12,6
AMRGLQTSGSWQLI,mTRAV16D/DV11,mTRAJ22,6
AMQRNQGGSAKLI,mTRAV13-1,mTRAJ57,6
AMERSRPGTGSNRLT,mTRAV13-1,mTRAJ28,6
AMEQGNNNAPR,mTRAV13D-2,mTRAJ43,6
AMEQGNNNAPR,mTRAV13D-1,mTRAJ43,6
AMEQGNNNAPR,mTRAV13-1,mTRAJ43,6
ALSRRTASLGKLQ,mTRAV6-7/DV9,mTRAJ24,6
ALSRDANTGKLT,mTRAV9D-3,mTRAJ27,6
ALSPLHPGSKLS,mTRAV12D-2,mTRAJ58,6
ALSMLAGNKLT,mTRAV9D-3,mTRAJ17,6
ALRASRSNNRIF,mTRAV6D-6,mTRAJ31,6
ALRAGANTGKLT,mTRAV6D-5,mTRAJ52,6
ALMPNYNVLY,mTRAV6-7/DV9,mTRAJ21,6
ALLFVNKLV,mTRAV13D-1,mTRAJ50,6
ALLFASKLV,mTRAV13D-1,mTRAJ50,6
ALGSTTASLGKLQ,mTRAV6D-6,mTRAJ24,6
ALGPHNTNTGKLT,mTRAV6D-6,mTRAJ27,6
ALGDYPGGSAKLI,mTRAV6D-6,mTRAJ57,6
ALGARELAGSWQLI,mTRAV6-7/DV9,mTRAJ22,6
ALDMSNYNVLY,mTRAV13-2,mTRAJ21,6
AIAPNTGNYKYV,mTRAV13D-1,mTRAJ40,6
AIAFYGNEKIT,mTRAV8D-1,mTRAJ48,6
AHTNSAGNKLT,mTRAV6-7/DV9,mTRAJ17,6
AATYYGSSGNKLI,mTRAV7D-4,mTRAJ32,6
AATPPPNTNKVV,mTRAV5D-4,mTRAJ34,6
AATNDAQGLT,mTRAV14D-3/DV8,mTRAJ26,6
AASYLYAQGLT,mTRAV14D-3/DV8,mTRAJ26,6
AASSPTGYQNFY,mTRAV14D-3/DV8,mTRAJ49,6
AASLDNQGKLI,mTRAV14D-3/DV8,mTRAJ23,6
AASKVGYKLT,mTRAV7D-2,mTRAJ9,6
AASIRSGQKLV,mTRAV7-6,mTRAJ16,6
AASGGTNTGKLT,mTRAV14-3,mTRAJ27,6
AASGGSNYKLT,mTRAV14-2,mTRAJ53,6
AASGETTGGNNKLT,mTRAV14-2,mTRAJ56,6
AASGANYNVLY,mTRAV14-3,mTRAJ21,6
AASAPGYQNFY,mTRAV5D-4,mTRAJ49,6
AASALFNNAPR,mTRAV14-3,mTRAJ43,6
AASAGDSNYQLI,mTRAV14-2,mTRAJ33,6
AARVFYGSSGNKLI,mTRAV14-3,mTRAJ32,6
AARQDTGNYKYV,mTRAV7D-2,mTRAJ40,6
AARDSNNAPR,mTRAV14-1,mTRAJ43,6
AAKGTTNYGNEKIT,mTRAV7D-2,mTRAJ48,6
AAIRGSALGRLH,mTRAV7D-4,mTRAJ18,6
AAGRPGYQNFY,mTRAV14D-3/DV8,mTRAJ49,6
AAGDNNNAPR,mTRAV14-1,mTRAJ43,6
AAEGRALI,mTRAV10,mTRAJ15,6
AAEGGSGGSNAKLT,mTRAV4D-3,mTRAJ42,6
AAEARSPGNTGKLI,mTRAV4D-4,mTRAJ37,6
AADTNTNKVV,mTRAV14-3,mTRAJ34,6
AADGTGNTGKLI,mTRAV7D-2,mTRAJ37,6
WVGYGSSGNKLI,mTRAV9D-4,mTRAJ32,5
VVGGGFASALT,mTRAV11,mTRAJ35,5
VLSSTNMGYKLT,mTRAV6-7/DV9,mTRAJ9,5
VLSLNSAGNKLT,mTRAV9D-3,mTRAJ17,5
VLSAWRWQGTGSKLS,mTRAV9D-4,mTRAJ58,5
VLSAWGKNYNQGKLI,mTRAV9D-1,mTRAJ23,5
VLSAWGATGNTGKLI,mTRAV9D-1,mTRAJ37,5
VLRPRVTNAYKVI,mTRAV9D-3,mTRAJ30,5
VLGRSTGYQNFY,mTRAV9D-4,mTRAJ49,5
VLGASVYMGYKLT,mTRAV9D-4,mTRAJ9,5
VHKEGADRLT,mTRAV9D-4,mTRAJ45,5
DDNRIF,mTRAV13D-1,mTRAJ31,5
AVTITSGGNYKPT,mTRAV7-5,mTRAJ6,5
AVSVSSGGNYKPT,mTRAV8D-2,mTRAJ6,5
AVSVSNNNAPR,mTRAV9-4,mTRAJ43,5
AVSTAGNYKYV,mTRAV7-5,mTRAJ40,5
AVSSQVGNTGKLI,mTRAV7-6,mTRAJ37,5
AVSSKGNTGKLI,mTRAV9D-4,mTRAJ37,5
AVSSIGNTGKLI,mTRAV9D-4,mTRAJ37,5
AVSRGIRYAQGLT,mTRAV7D-3,mTRAJ26,5
AVSGPTGNTGKLI,mTRAV6-7/DV9,mTRAJ37,5
AVSGGGISTGNYKYV,mTRAV9D-4,mTRAJ40,5
AVSFQAGNTGKLI,mTRAV7-6,mTRAJ37,5
AVSESAGYQNFY,mTRAV6-7/DV9,mTRAJ49,5
AVSDWGTAKLI,mTRAV9D-4,mTRAJ57,5
AVSDTNAYKVI,mTRAV7D-4,mTRAJ30,5
AVSDLPGTGSNRLT,mTRAV7D-5,mTRAJ28,5
AVSAWLTGKLT,mTRAV9D-1,mTRAJ27,5
AVSARNNNAPR,mTRAV6-7/DV9,mTRAJ43,5
AVSAATGYQNFY,mTRAV9D-4,mTRAJ49,5
AVGSDTGYQNFY,mTRAV9D-4,mTRAJ49,5
AVGAHNNNAPR,mTRAV9D-4,mTRAJ43,5
AVGADNYAQGLT,mTRAV6-7/DV9,mTRAJ26,5
AVDNEPGGSNAKLT,mTRAV4-2,mTRAJ42,5
AVAGDNQGKLI,mTRAV9D-4,mTRAJ23,5
ATTFYGNEKIT,mTRAV8D-1,mTRAJ48,5
ATGAWYNQGKLI,mTRAV8D-2,mTRAJ23,5
ATDVSSSFSKLV,mTRAV8D-1,mTRAJ50,5
ASRRTGNTGKLI,mTRAV12-2,mTRAJ37,5
ASALRGSNNRIF,mTRAV12D-2,mTRAJ31,5
ARGVDTNAYKVI,mTRAV9D-3,mTRAJ30,5
AQERGWGNYKYV,mTRAV13D-3,mTRAJ40,5
APQRDSNYQLI,mTRAV14-2,mTRAJ33,5
APEGSGTYQR,mTRAV7D-4,mTRAJ13,5
AMRERNQGGRALI,mTRAV6-7/DV9,mTRAJ15,5
AMIYASSGSWQLI,mTRAV6-7/DV9,mTRAJ22,5
AMGTNTGYQNFY,mTRAV9D-4,mTRAJ49,5
AMEDYGNEKIT,mTRAV13D-2,mTRAJ48,5
ALWEPYYGSSGNKLI,mTRAV15-1/DV6-1,mTRAJ32,5
ALVPSTSSGQKLV,mTRAV6D-6,mTRAJ16,5
ALSVLNTGNYKYV,mTRAV6-7/DV9,mTRAJ40,5
ALSRFSTNTGKLT,mTRAV6-7/DV9,mTRAJ27,5
ALSQSNNYAQGLT,mTRAV12D-2,mTRAJ26,5
ALSMPGNTGKLI,mTRAV6-7/DV9,mTRAJ37,5
ALSIISMGYKLT,mTRAV9D-3,mTRAJ9,5
ALSGTGFASALT,mTRAV6D-5,mTRAJ35,5
ALSGRSNAKLT,mTRAV12D-2,mTRAJ42,5
ALSGPGTGSNRLT,mTRAV12D-2,mTRAJ28,5
ALSGGSNAKLT,mTRAV12D-1,mTRAJ42,5
ALSEPDQGGSAKLI,mTRAV15-2/DV6-2,mTRAJ57,5
ALSELRPNTNKVV,mTRAV15-2/DV6-2,mTRAJ34,5
ALSEDYNQGKLI,mTRAV12D-2,mTRAJ23,5
ALSDRHYGNEKIT,mTRAV6-7/DV9,mTRAJ48,5
ALSDNGSSGNKLI,mTRAV12D-2,mTRAJ32,5
ALSAPSSNMGYKLT,mTRAV12D-2,mTRAJ9,5
ALRGVNSGGSNAKLT,mTRAV6D-5,mTRAJ42,5
ALRGSTGGYKVV,mTRAV6D-6,mTRAJ12,5
ALMTNYNVLY,mTRAV6D-7,mTRAJ21,5
ALLFVGKLV,mTRAV13D-1,mTRAJ50,5
ALIMTNSAGNKLT,mTRAV6-7/DV9,mTRAJ17,5
ALGRHGGSNYKLT,mTRAV6D-6,mTRAJ53,5
ALGNNNNAPR,mTRAV12D-3,mTRAJ43,5
ALGDSAGNKLT,mTRAV6-7/DV9,mTRAJ17,5
ALGDPGGSNAKLT,mTRAV6D-6,mTRAJ42,5
ALGDLPSGGNYKPT,mTRAV9D-4,mTRAJ6,5
ALGDLPSGGNYKPT,mTRAV6D-6,mTRAJ6,5
ALGDGSNSAGNKLT,mTRAV6D-6,mTRAJ17,5
ALGAQELSGSWQLI,mTRAV6-7/DV9,mTRAJ22,5
ALERGNQGGRALI,mTRAV6-7/DV9,mTRAJ15,5
ALDPTGANTGKLT,mTRAV6-7/DV9,mTRAJ52,5
ALATRELSGSWQLI,mTRAV6-7/DV9,mTRAJ22,5
ALAKAPGNYKYV,mTRAV6D-7,mTRAJ40,5
ALAGGSSGNKLI,mTRAV6-7/DV9,mTRAJ32,5
ALADLNYKYV,mTRAV6D-4,mTRAJ40,5
ADYAQGLT,mTRAV7-5,mTRAJ26,5
AATSGSWQLI,mTRAV14-1,mTRAJ22,5
AATLNTGNYKYV,mTRAV7D-4,mTRAJ40,5
AASYNQGKLI,mTRAV7D-2,mTRAJ23,5
AASVTHASSGSWQLI,mTRAV14-1,mTRAJ22,5
AASMTGTGGYKVV,mTRAV10,mTRAJ12,5
AASMINQGKLI,mTRAV10D,mTRAJ23,5
AASKTEGADRLT,mTRAV7D-2,mTRAJ45,5
AASKGAGNYKYV,mTRAV10D,mTRAJ40,5
AASGPGYNKLT,mTRAV14D-3/DV8,mTRAJ11,5
AASGETTGGNNKLT,mTRAV14D-3/DV8,mTRAJ56,5
AASEGSNYNVLY,mTRAV7D-4,mTRAJ21,5
AASDVSNYQLI,mTRAV14D-3/DV8,mTRAJ33,5
AASDVNTGNYKYV,mTRAV10D,mTRAJ40,5
AASDSNGNEKIT,mTRAV14D-1,mTRAJ48,5
AASAASGSWQLI,mTRAV5D-4,mTRAJ22,5
AARYQGGRALI,mTRAV7D-4,mTRAJ15,5
AARDSNYQLI,mTRAV14D-3/DV8,mTRAJ33,5
AAPLNNNAGAKLT,mTRAV14-2,mTRAJ39,5
AANKGYGSSGNKLI,mTRAV14D-1,mTRAJ32,5
AALNVGDNSKLI,mTRAV7D-2,mTRAJ38,5
AALMQQGTGSKLS,mTRAV14D-3/DV8,mTRAJ58,5
AAIQQGGSAKLI,mTRAV14-3,mTRAJ57,5
AAHSGGSNAKLT,mTRAV7D-4,mTRAJ42,5
AAGTGGYKVV,mTRAV7-5,mTRAJ12,5
AAGGNTGNYKYV,mTRAV9D-1,mTRAJ40,5
AAGDQGGSAKLI,mTRAV5D-4,mTRAJ57,5
AAGALRRKIT,mTRAV4D-4,mTRAJ48,5
AAEVIFPGNTGKLI,mTRAV4D-3,mTRAJ37,5
AAEARVPGNTGKLI,mTRAV4D-3,mTRAJ37,5
AADYNQGKLI,mTRAV7D-2,mTRAJ23,5
AADTGYQNFY,mTRAV3D-3,mTRAJ49,5
AADAWYNQGKLI,mTRAV8D-2,mTRAJ23,5
AAASYGSSGNKLI,mTRAV14D-1,mTRAJ32,5
AAASYGSSGNKLI,mTRAV14-2,mTRAJ32,5
WIGHGSSGNKLI,mTRAV9D-4,mTRAJ32,4
VVGDNNAGAKLT,mTRAV11,mTRAJ39,4
VSSRSTGYQNFY,mTRAV9D-4,mTRAJ49,4
VQTEGADRLT,mTRAV9D-4,mTRAJ45,4
VPEDSGTYQR,mTRAV7D-4,mTRAJ13,4
VLTEASSGSWQLI,mTRAV6-7/DV9,mTRAJ22,4
VLSTNSAGNKLT,mTRAV9D-3,mTRAJ17,4
VLSGSALGRLH,mTRAV9D-3,mTRAJ18,4
VLSAWRQQGTGSKLS,mTRAV9D-1,mTRAJ58,4
VLSAWGSTGANTGKLT,mTRAV9D-3,mTRAJ52,4
VLSAWGLTGNTGKLI,mTRAV9D-4,mTRAJ37,4
VLSAWGEWTGNTGKLI,mTRAV6-7/DV9,mTRAJ37,4
VLSAWGATGNTGKLI,mTRAV9D-4,mTRAJ37,4
VLSAWGATGNTGKLI,mTRAV6-7/DV9,mTRAJ37,4
VLSASRGNYKYV,mTRAV9D-3,mTRAJ40,4
VLSASNTNKVV,mTRAV9D-3,mTRAJ34,4
VLINSAGNKLT,mTRAV9D-3,mTRAJ17,4
VLGGVWNTNTGKLT,mTRAV9D-4,mTRAJ27,4
VLGDRGFASALT,mTRAV9D-4,mTRAJ35,4
VLAKTGNTGKLI,mTRAV6D-5,mTRAJ37,4
VHIEGADRLT,mTRAV9D-4,mTRAJ45,4
VFIPTNTEGADRLT,mTRAV9D-3,mTRAJ45,4
TEYNVLY,mTRAV3-3,mTRAJ21,4
SASKGGSNAKLT,mTRAV5-1,mTRAJ42,4
IHTEGADRLT,mTRAV9D-4,mTRAJ45,4
GDNTNTGKLT,mTRAV13D-1,mTRAJ27,4
AVSTPSGNKLI,mTRAV9D-4,mTRAJ32,4
AVSRYGNNAPR,mTRAV9D-4,mTRAJ43,4
AVSPCTNAYKVI,mTRAV9D-4,mTRAJ30,4
AVSMTNNAPR,mTRAV7D-4,mTRAJ43,4
AVSMQGDYKYV,mTRAV9D-4,mTRAJ40,4
AVSHNTNTGKLT,mTRAV3-1,mTRAJ27,4
AVSGGFHQGGSAKLI,mTRAV9D-1,mTRAJ57,4
AVSGAWQGAKLT,mTRAV9D-4,mTRAJ39,4
AVSGAWPSAKLT,mTRAV9D-4,mTRAJ39,4
AVSEQTGGYKVV,mTRAV7-6,mTRAJ12,4
AVSDSAGNKLT,mTRAV7D-4,mTRAJ17,4
AVSDSAGNKLT,mTRAV7D-3,mTRAJ17,4
AVSDQTTASLGKLQ,mTRAV9D-1,mTRAJ24,4
AVSARGYQNFY,mTRAV9-1,mTRAJ49,4
AVSAIVNSKLI,mTRAV9D-4,mTRAJ38,4
AVSAGGNTGKLI,mTRAV9D-3,mTRAJ37,4
AVRSTGNTGKLI,mTRAV9D-4,mTRAJ37,4
AVRGVNNNNAPR,mTRAV6-7/DV9,mTRAJ43,4
AVPNSNNRIF,mTRAV7D-6,mTRAJ31,4
AVNSQAGNTGKLI,mTRAV7-6,mTRAJ37,4
AVKAGNTGKLI,mTRAV9D-4,mTRAJ37,4
AVGTDTGYQNFY,mTRAV9D-4,mTRAJ49,4
AVGRSSSSGSWQLI,mTRAV7-6,mTRAJ22,4
AVGPPGNTGKLI,mTRAV5D-4,mTRAJ37,4
AVGARNNNAPR,mTRAV9D-4,mTRAJ43,4
AVAPGGSNAKLT,mTRAV3D-3,mTRAJ42,4
ATTASLGKLQ,mTRAV7D-4,mTRAJ24,4
ATSYQNFY,mTRAV13D-4,mTRAJ49,4
ATSYQNFY,mTRAV13-2,mTRAJ49,4
ATRNNYAQGLT,mTRAV8D-2,mTRAJ26,4
ATNASSSFSKLV,mTRAV8D-1,mTRAJ50,4
ATLSSGGNYKPT,mTRAV8D-2,mTRAJ6,4
ATFTSGGNYKPT,mTRAV8D-1,mTRAJ6,4
ATDASSGSWQLI,mTRAV6-7/DV9,mTRAJ22,4
ATDAFSSFSKLV,mTRAV8D-1,mTRAJ50,4
ASLRGSALGRLH,mTRAV7D-4,mTRAJ18,4
ASHMGYKLT,mTRAV6D-7,mTRAJ9,4
AQNYGSSGNKLI,mTRAV6D-7,mTRAJ32,4
AQERGWGNYKYV,mTRAV13D-4,mTRAJ40,4
AQERGWGNYKYV,mTRAV13D-2,mTRAJ40,4
AQERGWGNYKYV,mTRAV13-2,mTRAJ40,4
APQTNYNQGKLI,mTRAV14D-3/DV8,mTRAJ23,4
APQRDSNYQLI,mTRAV14-1,mTRAJ33,4
APKDSGTYQR,mTRAV7D-4,mTRAJ13,4
APIDTGNYKYV,mTRAV7D-4,mTRAJ40,4
APGTGNAYKVI,mTRAV4D-4,mTRAJ30,4
APGLRESSGSWQLI,mTRAV6-7/DV9,mTRAJ22,4
APGEGTNAYKVI,mTRAV9D-4,mTRAJ30,4
APGDSSFSKLV,mTRAV9D-3,mTRAJ50,4
APGARELSGSWQLI,mTRAV6-7/DV9,mTRAJ22,4
APEDFGTYQR,mTRAV7D-4,mTRAJ13,4
AMRLSNSNYQLI,mTRAV6D-3,mTRAJ33,4
AMRGVNTGNYKYV,mTRAV16D/DV11,mTRAJ40,4
AMRESNTGYQNFY,mTRAV16D/DV11,mTRAJ49,4
AMREIMQQGTGSKLS,mTRAV16D/DV11,mTRAJ58,4
AMPSHDTNAYKVI,mTRAV13D-1,mTRAJ30,4
AMERSGGSNAKLT,mTRAV13-1,mTRAJ42,4
AMEDYGNEKIT,mTRAV13-1,mTRAJ48,4
ALWELARGSSGNKLI,mTRAV15-1/DV6-1,mTRAJ32,4
ALVSSTSSGQKLV,mTRAV6D-5,mTRAJ16,4
ALTSYLGGNYKPT,mTRAV12D-3,mTRAJ6,4
ALSRGTNTGKLT,mTRAV9D-3,mTRAJ27,4
ALSRDTNTGKLT,mTRAV9D-4,mTRAJ27,4
ALSPVAYQGGRALI,mTRAV6-7/DV9,mTRAJ15,4
ALSMAHGNEKIT,mTRAV6-7/DV9,mTRAJ48,4
ALSGAGNTGKLI,mTRAV6-7/DV9,mTRAJ37,4
ALSEGPWNSNNRIF,mTRAV12D-1,mTRAJ31,4
ALSDTGFASALT,mTRAV6-7/DV9,mTRAJ35,4
ALSATGGNNKLT,mTRAV6D-5,mTRAJ56,4
ALRSNYGNEKIT,mTRAV6D-5,mTRAJ48,4
ALRSNNNAPR,mTRAV12D-3,mTRAJ43,4
ALRDPHSGGSNAKLT,mTRAV6D-5,mTRAJ42,4
ALPFSMSNYNVLY,mTRAV6-7/DV9,mTRAJ21,4
ALIRGNYAQGLT,mTRAV12D-2,mTRAJ26,4
ALIQTNSAGNKLT,mTRAV6-7/DV9,mTRAJ17,4
ALGTRELYGSWQLI,mTRAV6-7/DV9,mTRAJ22,4
ALGTRELCGSWQLI,mTRAV6-7/DV9,mTRAJ22,4
ALGIEGADRLT,mTRAV13D-1,mTRAJ45,4
ALGGVNSGGSNAKLT,mTRAV6-7/DV9,mTRAJ42,4
ALGGSKNKVV,mTRAV6-7/DV9,mTRAJ34,4
ALGEFTASLGKLQ,mTRAV6D-6,mTRAJ24,4
ALGDPPGNTGKLI,mTRAV6D-6,mTRAJ37,4
ALGDNGGSAKLI,mTRAV6D-6,mTRAJ57,4
ALDMSNYNVLY,mTRAV13D-2,mTRAJ21,4
ALASSTSSGQKLV,mTRAV6D-6,mTRAJ16,4
ALAATSSGQKLV,mTRAV6D-6,mTRAJ16,4
AIGLSGGSNAKLT,mTRAV13-2,mTRAJ42,4
AGRLTNSGTYQR,mTRAV7D-4,mTRAJ13,4
AGPLNQGGSAKLI,mTRAV9D-3,mTRAJ57,4
AGNKVV,mTRAV13D-1,mTRAJ34,4
ADSKVV,mTRAV13D-1,mTRAJ34,4
AATSGSWQLI,mTRAV14D-3/DV8,mTRAJ22,4
AASVYNQGKLI,mTRAV5D-4,mTRAJ23,4
AASVIGSSGNKLI,mTRAV14-3,mTRAJ32,4
AASSSGSWQLI,mTRAV14-3,mTRAJ22,4
AASSQAGNTGKLI,mTRAV7D-6,mTRAJ37,4
AASSIGGSSGNKLI,mTRAV10,mTRAJ32,4
AASSGSWQLI,mTRAV5D-4,mTRAJ22,4
AASRNTNAYKVI,mTRAV14D-3/DV8,mTRAJ30,4
AASNNNNAPR,mTRAV5D-4,mTRAJ43,4
AASMQGTGNYKYV,mTRAV7D-2,mTRAJ40,4
AASKGGSAKLI,mTRAV14-3,mTRAJ57,4
AASIVPNYNVLY,mTRAV7D-2,mTRAJ21,4
AASFLNYQLI,mTRAV10,mTRAJ33,4
AASEVYGSSGNKLI,mTRAV7D-4,mTRAJ32,4
AASELAYKVI,mTRAV14-2,mTRAJ30,4
AASEHQGGSAKLI,mTRAV5D-4,mTRAJ57,4
AASDVSNYQLI,mTRAV14-2,mTRAJ33,4
AASDNNAGAKLT,mTRAV14-2,mTRAJ39,4
AASDMGYKLT,mTRAV5D-4,mTRAJ9,4
AASDAYGNEKIT,mTRAV14D-3/DV8,mTRAJ48,4
AASDAYGNEKIT,mTRAV14-2,mTRAJ48,4
AASAQGNYQLI,mTRAV14-3,mTRAJ33,4
AASAGSSGSWQLI,mTRAV14-3,mTRAJ22,4
AARGNNNAPR,mTRAV14-1,mTRAJ43,4
AAPLNNNAGAKLT,mTRAV14D-3/DV8,mTRAJ39,4
AAPFQLI,mTRAV14-3,mTRAJ33,4
AANNNNNAPR,mTRAV5D-4,mTRAJ43,4
AANKGYGSSGNKLI,mTRAV14-1,mTRAJ32,4
AALWGWQLI,mTRAV13D-4,mTRAJ22,4
AALRGYNQGKLI,mTRAV14D-3/DV8,mTRAJ23,4
AAKTWTSGSWQLI,mTRAV7D-2,mTRAJ22,4
AAKQQGTGSKLS,mTRAV14D-3/DV8,mTRAJ58,4
AAKQQGTGSKLS,mTRAV14-3,mTRAJ58,4
AAKAKSPGNTGKLI,mTRAV4D-4,mTRAJ37,4
AAIQTGYQNFY,mTRAV14-2,mTRAJ49,4
AAIGPGYQNFY,mTRAV14-3,mTRAJ49,4
AAGRDTNAYKVI,mTRAV9D-3,mTRAJ30,4
AAGGLPGTGSNRLT,mTRAV4D-4,mTRAJ28,4
AAGGGNEKIT,mTRAV14D-3/DV8,mTRAJ48,4
AAGDSNYQLI,mTRAV5D-4,mTRAJ33,4
AAGAKSPGNTGKLI,mTRAV4D-4,mTRAJ37,4
AAEASNAGAKLT,mTRAV4D-3,mTRAJ39,4
AAEAKSSGNTGKLI,mTRAV4D-4,mTRAJ37,4
AADASSSFSKLV,mTRAV14-3,mTRAJ50,4
AAAPMGTYQR,mTRAV4D-3,mTRAJ13,4
AAANWIGNNKLT,mTRAV14D-3/DV8,mTRAJ56,4
AAADSGYNKLT,mTRAV7D-2,mTRAJ11,4
WTGYGSSGNKLI,mTRAV9D-4,mTRAJ32,3
WISYGSSGNKLI,mTRAV9D-4,mTRAJ32,3
VVSANTGYQNFY,mTRAV9D-3,mTRAJ49,3
VSSSSAGNKLT,mTRAV9D-4,mTRAJ17,3
VSSAIVNSKLI,mTRAV9D-4,mTRAJ38,3
VSPPFGSSGNKLI,mTRAV9D-3,mTRAJ32,3
VRRNYGSSGNKLI,mTRAV6-7/DV9,mTRAJ32,3
VPGIDTNAYKVI,mTRAV9D-3,mTRAJ30,3
VLTSYGSSGNKLI,mTRAV9D-4,mTRAJ32,3
VLSQYATSSGQKLV,mTRAV6-7/DV9,mTRAJ16,3
VLSGVWNTNTGKLT,mTRAV9D-1,mTRAJ27,3
VLSAWSSNTGANTGKLT,mTRAV6-7/DV9,mTRAJ52,3
VLSAWRWQGTGSKLS,mTRAV9D-1,mTRAJ58,3
VLSAWRQQGTGSKLS,mTRAV6-7/DV9,mTRAJ58,3
VLSAWGLAGNTGKLI,mTRAV9D-3,mTRAJ37,3
VLSAWGKTGANTGKLT,mTRAV9D-3,mTRAJ52,3
VLSAWGEWTGNTGKLI,mTRAV9D-1,mTRAJ37,3
VLSATYYNVLY,mTRAV6-7/DV9,mTRAJ21,3
VLSARNAGAKLT,mTRAV9D-3,mTRAJ39,3
VLSANTGNYKYV,mTRAV9D-1,mTRAJ40,3
VLNRSTGYQNFY,mTRAV9D-4,mTRAJ49,3
VLGWNAGNYKYV,mTRAV9D-4,mTRAJ40,3
VLGAWGKNYNQGKLI,mTRAV9D-4,mTRAJ23,3
VEKGNYKPT,mTRAV9D-4,mTRAJ6,3
VANTGYQNFY,mTRAV3D-3,mTRAJ49,3
SASITPTGNTGKLI,mTRAV5-1,mTRAJ37,3
SARKTFYSNNRIF,mTRAV5-1,mTRAJ31,3
SAPSNTNKVV,mTRAV5-1,mTRAJ34,3
ILRVGDSGGSNYKLT,mTRAV21/DV12,mTRAJ53,3
GDNTNTGKLT,mTRAV13-1,mTRAJ27,3
DTFSSGGNYKPT,mTRAV8D-2,mTRAJ6,3
DDNKVV,mTRAV13D-1,mTRAJ34,3
AVTGKLT,mTRAV4D-4,mTRAJ27,3
AVTFQTGANTGKLT,mTRAV9D-3,mTRAJ52,3
AVSTPSGNKLI,mTRAV9-4,mTRAJ32,3
AVSSGYNQGKLI,mTRAV7D-4,mTRAJ23,3
AVSSGYNQGKLI,mTRAV7D-2,mTRAJ23,3
AVSQGTGGYKVV,mTRAV9-4,mTRAJ12,3
AVSPNSGTYQR,mTRAV7D-2,mTRAJ13,3
AVSMTTASLGKLQ,mTRAV9D-4,mTRAJ24,3
AVSMRSNNRIF,mTRAV7D-4,mTRAJ31,3
AVSMRGNYKYV,mTRAV9D-4,mTRAJ40,3
AVSIQGNNRIF,mTRAV7D-2,mTRAJ31,3
AVSHYAQGLT,mTRAV9D-3,mTRAJ26,3
AVSHSNYQLI,mTRAV7D-2,mTRAJ33,3
AVSGWMGYQGGRALI,mTRAV7D-2,mTRAJ15,3
AVSGQTGGYKVV,mTRAV7D-4,mTRAJ12,3
AVSGQGNYKYV,mTRAV9D-1,mTRAJ40,3
AVSGAWLGAKLT,mTRAV9D-4,mTRAJ39,3
AVSEWNYAQGLT,mTRAV7D-4,mTRAJ26,3
AVSEWNYAQGLT,mTRAV7D-2,mTRAJ26,3
AVSEAQGGSAKLI,mTRAV3-1,mTRAJ57,3
AVSDWRSAKLI,mTRAV9D-4,mTRAJ57,3
AVSDWESAKLI,mTRAV9D-4,mTRAJ57,3
AVSDRTTASLGKLQ,mTRAV6-7/DV9,mTRAJ24,3
AVSDPTGNTGKLI,mTRAV9D-4,mTRAJ37,3
AVSAWNGSSGNKLI,mTRAV9D-3,mTRAJ32,3
AVSAWGEWTGNTGKLI,mTRAV9D-4,mTRAJ37,3
AVSASARIF,mTRAV9D-4,mTRAJ31,3
AVSARAGSWQLI,mTRAV9D-4,mTRAJ22,3
AVSAQGTGNYKYV,mTRAV9D-3,mTRAJ40,3
AVSAGNAGAKLT,mTRAV9D-4,mTRAJ39,3
AVSAGDSNYQLI,mTRAV6-7/DV9,mTRAJ33,3
AVSADMGYKLT,mTRAV3-3,mTRAJ9,3
AVRTGNTGKLI,mTRAV3-3,mTRAJ37,3
AVRGARGSGYNKLT,mTRAV7D-4,mTRAJ11,3
AVRDNNNAPR,mTRAV14-1,mTRAJ43,3
AVNYNQGKLI,mTRAV7D-2,mTRAJ23,3
AVNTGYQNFY,mTRAV3D-3,mTRAJ49,3
AVNSAGNKLT,mTRAV7D-2,mTRAJ17,3
AVMNYGSSGNKLI,mTRAV4-2,mTRAJ32,3
AVKAPSNYAQGLT,mTRAV9D-4,mTRAJ26,3
AVGSTGNTGKLI,mTRAV9D-4,mTRAJ37,3
AVGSEGYKVV,mTRAV9D-4,mTRAJ12,3
AVGPAGYNKLT,mTRAV7D-4,mTRAJ11,3
AVGGPSGNKLI,mTRAV9D-3,mTRAJ32,3
AVGGNNYAQGLT,mTRAV9D-4,mTRAJ26,3
AVGGDSYAQGLT,mTRAV9D-4,mTRAJ26,3
AVGESAGYQNFY,mTRAV9D-4,mTRAJ49,3
AVGELGNYKYV,mTRAV9D-4,mTRAJ40,3
AVDTGANTGKLT,mTRAV7D-4,mTRAJ52,3
AVDTGANTGKLT,mTRAV7D-2,mTRAJ52,3
AVASQAGNTGKLI,mTRAV7D-2,mTRAJ37,3
ATLTPGGNYKPT,mTRAV8D-2,mTRAJ6,3
ATGAWQGGRALI,mTRAV8D-2,mTRAJ15,3
ATDARYNQGKLI,mTRAV8D-2,mTRAJ23,3
ATALSNTGNYKYV,mTRAV8D-1,mTRAJ40,3
ATAFYGNEKIT,mTRAV8D-2,mTRAJ48,3
ASRRTGNTGKLI,mTRAV12-3,mTRAJ37,3
ASHMGYKLT,mTRAV9D-4,mTRAJ9,3
ASEDSGTYQR,mTRAV7D-4,mTRAJ13,3
ARRNSGGSNYKLT,mTRAV8D-2,mTRAJ53,3
ARRITGNTGKLI,mTRAV12D-3,mTRAJ37,3
ARGVDTNAYKVI,mTRAV6-7/DV9,mTRAJ30,3
ARGGSNYNVLY,mTRAV6-7/DV9,mTRAJ21,3
AQEDSGTYQR,mTRAV7D-4,mTRAJ13,3
AQDYGSSGNKLI,mTRAV6D-5,mTRAJ32,3
APRPGNTGKLI,mTRAV12D-3,mTRAJ37,3
APRITGNTGKLI,mTRAV6-7/DV9,mTRAJ37,3
APPMNNNAGAKLT,mTRAV13D-4,mTRAJ39,3
APPASLGKLQ,mTRAV13D-1,mTRAJ24,3
APPASLGKLQ,mTRAV13-4/DV7,mTRAJ24,3
APGGSSFSKLV,mTRAV9D-4,mTRAJ50,3
APGEDTNAYKVI,mTRAV9D-1,mTRAJ30,3
AMTKGLNSGGSNAKLT,mTRAV13D-2,mTRAJ42,3
AMRRYTNAYKVI,mTRAV13D-4,mTRAJ30,3
AMRRNTNAYKVI,mTRAV13D-4,mTRAJ30,3
AMRRETNAYKVI,mTRAV13D-4,mTRAJ30,3
AMRESMQQGTGSKLS,mTRAV16D/DV11,mTRAJ58,3
AMRDTGNYKYV,mTRAV6-7/DV9,mTRAJ40,3
AMGSNTGYQNFY,mTRAV9D-4,mTRAJ49,3
AMGRVTGYQNFY,mTRAV13D-4,mTRAJ49,3
AMGRVTGYQNFY,mTRAV13D-2,mTRAJ49,3
AMGRVTGYQNFY,mTRAV13-1,mTRAJ49,3
AMERNNNAPR,mTRAV13-1,mTRAJ43,3
AMERGSNYQLI,mTRAV13D-4,mTRAJ33,3
AMEPIYNQGKLI,mTRAV13-1,mTRAJ23,3
AMEPAAEGADRLT,mTRAV13-2,mTRAJ45,3
AMATGLNSGGSNAKLT,mTRAV13-4/DV7,mTRAJ42,3
ALYNNAGAKLT,mTRAV13D-1,mTRAJ39,3
ALWYTNAYKVI,mTRAV6-7/DV9,mTRAJ30,3
ALWEPYGSSGNKLI,mTRAV15D-1/DV6D-1,mTRAJ32,3
ALWELPYYGNEKIT,mTRAV15-1/DV6-1,mTRAJ48,3
ALWELPSGSWQLI,mTRAV15-1/DV6-1,mTRAJ22,3
ALWELMDSNYQLI,mTRAV15-1/DV6-1,mTRAJ33,3
ALWELEDSNNRIF,mTRAV15-1/DV6-1,mTRAJ31,3
ALWDPSNTNKVV,mTRAV15-1/DV6-1,mTRAJ34,3
ALVSSASSGQKLV,mTRAV6D-6,mTRAJ16,3
ALVPASSGSWQLI,mTRAV13D-4,mTRAJ22,3
ALVPAQNQGKLI,mTRAV6-7/DV9,mTRAJ23,3
ALVFMSNYNVLY,mTRAV6D-6,mTRAJ21,3
ALTSYPGGNYKPT,mTRAV12D-3,mTRAJ6,3
ALTAPHQGGRALI,mTRAV12D-3,mTRAJ15,3
ALSTPQVVGQLT,mTRAV6-7/DV9,mTRAJ5,3
ALSRGGNYKPT,mTRAV6D-6,mTRAJ6,3
ALSRAPGTGSNRLT,mTRAV6-7/DV9,mTRAJ28,3
ALSPAPSGSWQLI,mTRAV6-7/DV9,mTRAJ22,3
ALSNPSADKVV,mTRAV9D-3,mTRAJ34,3
ALSLYRGGSAKLI,mTRAV12D-3,mTRAJ57,3
ALSLGENNNAPR,mTRAV6-7/DV9,mTRAJ43,3
ALSITNMGYKLT,mTRAV9D-3,mTRAJ9,3
ALSHPAGNKLI,mTRAV6-7/DV9,mTRAJ32,3
ALSGSGGSNAKLT,mTRAV12D-2,mTRAJ42,3
ALSGKGGNTGKLI,mTRAV6-7/DV9,mTRAJ37,3
ALSEPLSNTNKVV,mTRAV12D-2,mTRAJ34,3
ALSEGYNVLY,mTRAV12D-1,mTRAJ21,3
ALSDYFAGNKLT,mTRAV6D-6,mTRAJ17,3
ALSDRTEGADRLT,mTRAV12D-1,mTRAJ45,3
ALRYTNAYKVI,mTRAV6D-7,mTRAJ30,3
ALRYTNAYKVI,mTRAV6D-6,mTRAJ30,3
ALRNDNNAPR,mTRAV12D-3,mTRAJ43,3
ALRGNNNAPR,mTRAV12D-1,mTRAJ43,3
ALRGDRGSALGRLH,mTRAV6D-7,mTRAJ18,3
ALREGTNAYKVI,mTRAV6D-7,mTRAJ30,3
ALNDRYYGNEKIT,mTRAV6-7/DV9,mTRAJ48,3
ALMTDYNVLY,mTRAV6D-5,mTRAJ21,3
ALKRGFGSSGNKLI,mTRAV6D-5,mTRAJ32,3
ALITGNTGKLI,mTRAV13D-1,mTRAJ37,3
ALITGNTGKLI,mTRAV12D-3,mTRAJ37,3
ALIANYNVLY,mTRAV6-7/DV9,mTRAJ21,3
ALGTRELTGSWQLI,mTRAV6-7/DV9,mTRAJ22,3
ALGRHGGSNYKLT,mTRAV6-7/DV9,mTRAJ53,3
ALGMPAGNKLT,mTRAV9D-3,mTRAJ17,3
ALGLASSGSWQLI,mTRAV6D-6,mTRAJ22,3
ALGHTGNYKYV,mTRAV6-7/DV9,mTRAJ40,3
ALGGGSSGNKLI,mTRAV6D-5,mTRAJ32,3
ALGEKGGNTGKLI,mTRAV6-7/DV9,mTRAJ37,3
ALGEGGYQGGRALI,mTRAV6D-6,mTRAJ15,3
ALGDRENNNAPR,mTRAV6D-5,mTRAJ43,3
ALGDNAGAKLT,mTRAV6D-5,mTRAJ39,3
ALGARELSNSWQLI,mTRAV6-7/DV9,mTRAJ22,3
ALERIGSNYNVLY,mTRAV13-2,mTRAJ21,3
AKRTNYNVLY,mTRAV7-6,mTRAJ21,3
AIRLPNSNYQLI,mTRAV6D-3,mTRAJ33,3
AIEPWGGNYKPT,mTRAV13D-1,mTRAJ6,3
AIEPWGGNYKPT,mTRAV13-2,mTRAJ6,3
AIEASSSFSKLV,mTRAV13D-1,mTRAJ50,3
AIDTNAYKVI,mTRAV13-1,mTRAJ30,3
AGGRNYAQGLT,mTRAV1,mTRAJ26,3
AGGNTGNYKYV,mTRAV7D-4,mTRAJ40,3
AGGKGTNAYKVI,mTRAV9D-4,mTRAJ30,3
AGGEDTNAYKVI,mTRAV9D-4,mTRAJ30,3
AGCATSSGQKLV,mTRAV6-7/DV9,mTRAJ16,3
AFYDTNAYKVI,mTRAV13D-4,mTRAJ30,3
AEGEGTNAYKVI,mTRAV6-7/DV9,mTRAJ30,3
ADNRIF,mTRAV13-4/DV7,mTRAJ31,3
ADFYNQGKLI,mTRAV6-7/DV9,mTRAJ23,3
ADDRIF,mTRAV13D-1,mTRAJ31,3
AAWTGTASLGKLQ,mTRAV7D-4,mTRAJ24,3
AAVQGNYKYV,mTRAV14-3,mTRAJ40,3
AAVPGTGYQNFY,mTRAV14-2,mTRAJ49,3
AAVLPSGSWQLI,mTRAV19,mTRAJ22,3
AATSSGQKLV,mTRAV9D-4,mTRAJ16,3
AASWEATGYQNFY,mTRAV14-3,mTRAJ49,3
AASVIGSSGNKLI,mTRAV14-2,mTRAJ32,3
AASTGANTGKLT,mTRAV14D-3/DV8,mTRAJ52,3
AASRRSNYQLI,mTRAV14D-3/DV8,mTRAJ33,3
AASRRNNNAPR,mTRAV7D-4,mTRAJ43,3
AASRHEKIT,mTRAV14D-3/DV8,mTRAJ48,3
AASNPSSSGSWQLI,mTRAV14D-3/DV8,mTRAJ22,3
AASNPSSSGSWQLI,mTRAV14-1,mTRAJ22,3
AASMGGSSGNKLI,mTRAV7D-4,mTRAJ32,3
AASMDGNEKIT,mTRAV10,mTRAJ48,3
AASLYQGGRALI,mTRAV14D-3/DV8,mTRAJ15,3
AASLSSGSWQLI,mTRAV10D,mTRAJ22,3
AASLDNQGKLI,mTRAV14-3,mTRAJ23,3
AASIQGGRALI,mTRAV7D-4,mTRAJ15,3
AASGQSPGTGSNRLT,mTRAV14-3,mTRAJ28,3
AASESSGSWQLI,mTRAV5D-4,mTRAJ22,3
AASEGATNTGKLT,mTRAV14-3,mTRAJ27,3
AASEGATNTGKLT,mTRAV14-1,mTRAJ27,3
AASDNNNAPR,mTRAV14-1,mTRAJ43,3
AASAVYGNEKIT,mTRAV14D-1,mTRAJ48,3
AASAVHGNEKIT,mTRAV14-3,mTRAJ48,3
AASASSSNNRIF,mTRAV14-3,mTRAJ31,3
AASAQGNYQLI,mTRAV14D-3/DV8,mTRAJ33,3
AASAIGSSGNKLI,mTRAV14-3,mTRAJ32,3
AASAGSSGSWQLI,mTRAV14D-3/DV8,mTRAJ22,3
AASAGRGGSNAKLT,mTRAV14-3,mTRAJ42,3
AASAEGTNAYKVI,mTRAV14D-3/DV8,mTRAJ30,3
AASAEGTNAYKVI,mTRAV14-2,mTRAJ30,3
AARTGNTGKLI,mTRAV7D-4,mTRAJ37,3
AARNVNTGNYKYV,mTRAV10D,mTRAJ40,3
AARLANSGTYQR,mTRAV7D-4,mTRAJ13,3
AARGIWYYNQGKLI,mTRAV14-3,mTRAJ23,3
AARDDNNAPR,mTRAV14-1,mTRAJ43,3
AAPPRIYSNYQLI,mTRAV5D-4,mTRAJ33,3
AAPNAYKVI,mTRAV14D-3/DV8,mTRAJ30,3
AAPLNNNAGAKLT,mTRAV14-1,mTRAJ39,3
AAPGKLT,mTRAV4D-3,mTRAJ27,3
AANWAATGYQNFY,mTRAV14-3,mTRAJ49,3
AAMNSAGNKLT,mTRAV7D-2,mTRAJ17,3
AALGDSGTYQR,mTRAV14-1,mTRAJ13,3
AAKLGNSGGSNAKLT,mTRAV14-2,mTRAJ42,3
AAKGQEGGRALI,mTRAV7D-4,mTRAJ15,3
AAKGESNYQLI,mTRAV10,mTRAJ33,3
AAGSGGYKVV,mTRAV9D-4,mTRAJ12,3
AAGRQGTGSKLS,mTRAV19,mTRAJ58,3
AAGRDTNAYKVI,mTRAV6-7/DV9,mTRAJ30,3
AAGGPGYQNFY,mTRAV14D-3/DV8,mTRAJ49,3
AAGGDNYAQGLT,mTRAV9D-4,mTRAJ26,3
AAGGASGGNYKPT,mTRAV14-3,mTRAJ6,3
AAFNTGGNNKLT,mTRAV14-3,mTRAJ56,3
AAEYNNNAPR,mTRAV4D-3,mTRAJ43,3
AAEAWVPGNTGKLI,mTRAV4D-4,mTRAJ37,3
AAEARVPSNTGKLI,mTRAV4D-4,mTRAJ37,3
AAEARVLGNTGKLI,mTRAV4D-4,mTRAJ37,3
AADSNTNTGKLT,mTRAV14D-3/DV8,mTRAJ27,3
AADSNTNTGKLT,mTRAV14-3,mTRAJ27,3
AADPNTNKVV,mTRAV14-3,mTRAJ34,3
AADPNTNKVV,mTRAV14-2,mTRAJ34,3
AADNNQGKLI,mTRAV14D-3/DV8,mTRAJ23,3
AAAFYGNEKIT,mTRAV8D-1,mTRAJ48,3
WMGYGSSGNKLI,mTRAV9D-4,mTRAJ32,2
WIGYRSSGNKLI,mTRAV9D-4,mTRAJ32,2
WIGCGSSGNKLI,mTRAV9D-4,mTRAJ32,2
VTFSSGGNYKPT,mTRAV8D-2,mTRAJ6,2
VSSAWGLTGNTGKLI,mTRAV9D-4,mTRAJ37,2
VSPPGQGGSAKLI,mTRAV9D-3,mTRAJ57,2
VSPPFGSSGNKLI,mTRAV9D-1,mTRAJ32,2
VSPNSAGNKLT,mTRAV9D-4,mTRAJ17,2
VSGWNTGNYKYV,mTRAV9D-4,mTRAJ40,2
VPPEGKAQGLT,mTRAV6-1,mTRAJ26,2
VPPEGGAQGLT,mTRAV6-1,mTRAJ26,2
VPGSNTNKVV,mTRAV9D-4,mTRAJ34,2
VLTGCGSSGNKLI,mTRAV9D-4,mTRAJ32,2
VLTEGADRLT,mTRAV9D-4,mTRAJ45,2
VLTDYGSSGNKLI,mTRAV9D-4,mTRAJ32,2
VLSWSTGYQNFY,mTRAV9D-4,mTRAJ49,2
VLSTSVYMGYKLT,mTRAV9D-4,mTRAJ9,2
VLSTNTGNYKYV,mTRAV9D-4,mTRAJ40,2
VLSSNSAGNKLT,mTRAV9D-1,mTRAJ17,2
VLSRANKVV,mTRAV13-5,mTRAJ34,2
VLSQYATSSGQKLV,mTRAV9D-1,mTRAJ16,2
VLSNPSANKVV,mTRAV9D-4,mTRAJ34,2
VLSGVWNTNTGKLT,mTRAV6-7/DV9,mTRAJ27,2
VLSGPGNTGKLI,mTRAV9D-3,mTRAJ37,2
VLSGGMDSNYQLI,mTRAV9D-1,mTRAJ33,2
VLSEIPGGYKVV,mTRAV9D-1,mTRAJ12,2
VLSAWSSNTGANTGKLT,mTRAV9D-4,mTRAJ52,2
VLSAWRGTGANTGKLT,mTRAV6-7/DV9,mTRAJ52,2
VLSAWGRAGANTGKLT,mTRAV9D-3,mTRAJ52,2
VLSAWGQTGNTGKLI,mTRAV9D-3,mTRAJ37,2
VLSAWGPTASLGKLQ,mTRAV9D-3,mTRAJ24,2
VLSAWGMTGNTGKLI,mTRAV9D-4,mTRAJ37,2
VLSAWGLTGNTGKLI,mTRAV9D-1,mTRAJ37,2
VLSAWGLGTGNTGKLI,mTRAV9D-3,mTRAJ37,2
VLSAWGKTGNTGKLI,mTRAV9D-4,mTRAJ37,2
VLSAWGKNYNQGKLI,mTRAV6-7/DV9,mTRAJ23,2
VLSAWGGTGNTGKLI,mTRAV9D-3,mTRAJ37,2
VLSAWANTGANTGKLT,mTRAV9D-4,mTRAJ52,2
VLSAGVFGDNSKLI,mTRAV9D-3,mTRAJ38,2
VLRTVSGDSNYQLI,mTRAV9D-1,mTRAJ33,2
VLRGHCGSSGNKLI,mTRAV6-1,mTRAJ32,2
VLRGFGTGNYKYV,mTRAV9D-3,mTRAJ40,2
VLRDDTNAYKVI,mTRAV9D-1,mTRAJ30,2
VLPGSTGYQNFY,mTRAV9D-4,mTRAJ49,2
VLNSTNMGYKLT,mTRAV9D-4,mTRAJ9,2
VLNASVYMGYKLT,mTRAV9D-4,mTRAJ9,2
VLLRQGTGSKLS,mTRAV6-7/DV9,mTRAJ58,2
VLLFVSKLV,mTRAV13D-1,mTRAJ50,2
VLKAGNYKYV,mTRAV9D-4,mTRAJ40,2
VLISTNMGYKLT,mTRAV9D-4,mTRAJ9,2
VLISSAGNKLT,mTRAV9D-4,mTRAJ17,2
VLGWSTGNYKYV,mTRAV9D-4,mTRAJ40,2
VLGRNTGNYKYV,mTRAV9D-4,mTRAJ40,2
VLGDRGFASALT,mTRAV9D-3,mTRAJ35,2
VLGAWGKTGNTGKLI,mTRAV9D-4,mTRAJ37,2
VLGAWGATGNTGKLI,mTRAV9D-4,mTRAJ37,2
VLGAIVNSKLI,mTRAV9D-3,mTRAJ38,2
VLGAGNYKYV,mTRAV9D-4,mTRAJ40,2
VLETGNYKYV,mTRAV9D-4,mTRAJ40,2
VLAKTGNTGKLI,mTRAV9D-4,mTRAJ37,2
VLAKTGNTGKLI,mTRAV6-2,mTRAJ37,2
VLAGYGSSGNKLI,mTRAV9D-4,mTRAJ32,2
VLAGGFVGDNSKLI,mTRAV9D-4,mTRAJ38,2
VHPEGADRLT,mTRAV9D-4,mTRAJ45,2
VDNTGANTGKLT,mTRAV7-6,mTRAJ52,2
VDNKVV,mTRAV13D-1,mTRAJ34,2
VAEAKSPGNTGKLI,mTRAV4D-4,mTRAJ37,2
TDNTGANTGKLT,mTRAV7-6,mTRAJ52,2
SDNRIF,mTRAV13D-1,mTRAJ31,2
LYYNQGKLI,mTRAV14-2,mTRAJ23,2
ILRVATGGNNKLT,mTRAV21/DV12,mTRAJ56,2
GLTEASSGSWQLI,mTRAV9D-4,mTRAJ22,2
GEGNNNAPR,mTRAV3D-3,mTRAJ43,2
GEGNNNAPR,mTRAV3-1,mTRAJ43,2
ESNYQLI,mTRAV8D-1,mTRAJ33,2
AVVPAPGYQNFY,mTRAV9D-4,mTRAJ49,2
AVVNGANTGKLT,mTRAV19,mTRAJ52,2
AVTPDYGSSGNKLI,mTRAV3-1,mTRAJ32,2
AVTFQTGANTGKLT,mTRAV8D-2,mTRAJ52,2
AVSWGTNTGKLT,mTRAV9D-1,mTRAJ27,2
AVSVSTNTGKLT,mTRAV9D-4,mTRAJ27,2
AVSTPSGNKLI,mTRAV9D-3,mTRAJ32,2
AVSTPNGNKLI,mTRAV9D-1,mTRAJ32,2
AVSSRAGNTGKLI,mTRAV7-6,mTRAJ37,2
AVSSQEGNTGKLI,mTRAV7-6,mTRAJ37,2
AVSSQADNTGKLI,mTRAV7-6,mTRAJ37,2
AVSSGNAYKVI,mTRAV9D-3,mTRAJ30,2
AVSSAGNTGKLI,mTRAV9D-4,mTRAJ37,2
AVSRYGNNAPR,mTRAV9-4,mTRAJ43,2
AVSRSPSSGSWQLI,mTRAV7-6,mTRAJ22,2
AVSPNSGTYQR,mTRAV7D-4,mTRAJ13,2
AVSNRTTASLGKLQ,mTRAV9D-1,mTRAJ24,2
AVSMWSKVV,mTRAV7D-2,mTRAJ34,2
AVSMSANTGKLT,mTRAV9D-4,mTRAJ27,2
AVSMRSNYQLI,mTRAV7-3,mTRAJ33,2
AVSMGTNTGKLT,mTRAV9D-4,mTRAJ27,2
AVSKVGNNNAPR,mTRAV9D-4,mTRAJ43,2
AVSITPRTGGNNKLT,mTRAV7-6,mTRAJ56,2
AVSISYNQGKLI,mTRAV7-6,mTRAJ23,2
AVSIQGNNRIF,mTRAV7D-4,mTRAJ31,2
AVSHPAGNKLT,mTRAV9D-4,mTRAJ17,2
AVSHNTNTGKLT,mTRAV3-3,mTRAJ27,2
AVSGWMGYQGGRALI,mTRAV7D-4,mTRAJ15,2
AVSGVDYQLI,mTRAV6-7/DV9,mTRAJ33,2
AVSGRTTASLGKLQ,mTRAV9D-1,mTRAJ24,2
AVSGQAGNTGKLI,mTRAV7-6,mTRAJ37,2
AVSEWGPAKLI,mTRAV9D-4,mTRAJ57,2
AVSELGNYKYV,mTRAV9D-1,mTRAJ40,2
AVSDWWSAKLI,mTRAV9D-4,mTRAJ57,2
AVSDWVSAKLI,mTRAV9D-4,mTRAJ57,2
AVSDWASAKLI,mTRAV9D-4,mTRAJ57,2
AVSAYNHYQLI,mTRAV6-7/DV9,mTRAJ33,2
AVSAWGTNAYKVI,mTRAV9D-1,mTRAJ30,2
AVSAWGKNYNQGKLI,mTRAV9D-4,mTRAJ23,2
AVSARGTNAYKVI,mTRAV9D-3,mTRAJ30,2
AVSAPPSGSWQLI,mTRAV3D-3,mTRAJ22,2
AVSAMNTGNYKYV,mTRAV9D-4,mTRAJ40,2
AVSAHSNNAPR,mTRAV9D-4,mTRAJ43,2
AVSAGNSAGNKLT,mTRAV6-7/DV9,mTRAJ17,2
AVRSQAGNTGKLI,mTRAV7-6,mTRAJ37,2
AVRSNNAPR,mTRAV7D-4,mTRAJ43,2
AVRSNNAPR,mTRAV7D-2,mTRAJ43,2
AVRRDTNAYKVI,mTRAV13D-4,mTRAJ30,2
AVRGYGNEKIT,mTRAV9D-3,mTRAJ48,2
AVRGFGTGNYKYV,mTRAV9D-1,mTRAJ40,2
AVRGAWPGAKLT,mTRAV9D-4,mTRAJ39,2
AVRDWGSAKLI,mTRAV9D-4,mTRAJ57,2
AVRDTGYQNFY,mTRAV7D-4,mTRAJ49,2
AVRASVRIF,mTRAV9D-4,mTRAJ31,2
AVPNSNNRIF,mTRAV7D-4,mTRAJ31,2
AVNSAGNKLT,mTRAV7D-4,mTRAJ17,2
AVNEWNYAQGLT,mTRAV7D-3,mTRAJ26,2
AVMGTGGYKVV,mTRAV7-6,mTRAJ12,2
AVKALNNYAQGLT,mTRAV9D-4,mTRAJ26,2
AVISGGSNYKLT,mTRAV9D-4,mTRAJ53,2
AVISGGSNYKLT,mTRAV9D-1,mTRAJ53,2
AVIASVRIF,mTRAV9D-4,mTRAJ31,2
AVGTYTGYQNFY,mTRAV9D-4,mTRAJ49,2
AVGSQAGNTGKLI,mTRAV7D-6,mTRAJ37,2
AVGSNAGYQNFY,mTRAV9D-4,mTRAJ49,2
AVGPGNYKYV,mTRAV13D-2,mTRAJ40,2
AVGGPSGNKLI,mTRAV9D-4,mTRAJ32,2
AVGGGTNTGKLT,mTRAV9D-1,mTRAJ27,2
AVGFGGYKVV,mTRAV9D-4,mTRAJ12,2
AVGDTNTGKLT,mTRAV3D-3,mTRAJ27,2
AVGDSAGNKLT,mTRAV7-3,mTRAJ17,2
AVGATTGYQNFY,mTRAV9D-4,mTRAJ49,2
AVGASTGYQNFY,mTRAV9D-4,mTRAJ49,2
AVGADTGYQNFY,mTRAV9D-4,mTRAJ49,2
AVEQGTGSKLS,mTRAV13-4/DV7,mTRAJ58,2
AVDGFKNNAPR,mTRAV9D-4,mTRAJ43,2
AVAGDNQGKLI,mTRAV9D-3,mTRAJ23,2
AVADSGYNKLT,mTRAV7D-2,mTRAJ11,2
ATYATGGNNKLT,mTRAV19,mTRAJ56,2
ATVMGYQNFY,mTRAV8D-1,mTRAJ49,2
ATNASSGSWQLI,mTRAV8D-2,mTRAJ22,2
ATKMINSGGSNAKLT,mTRAV14D-3/DV8,mTRAJ42,2
ATITSGGNYKPT,mTRAV8D-2,mTRAJ6,2
ATFFSGGNYKPT,mTRAV8D-2,mTRAJ6,2
ATDVWYNQGKLI,mTRAV8D-2,mTRAJ23,2
ATDAYSSFSKLV,mTRAV8D-1,mTRAJ50,2
ATDACSSFSKLV,mTRAV8D-1,mTRAJ50,2
ATAFHGNEKIT,mTRAV8D-1,mTRAJ48,2
ASSNSAGNKLT,mTRAV9D-4,mTRAJ17,2
ASRRTGNTGKLI,mTRAV12-1,mTRAJ37,2
ASRMGYKLT,mTRAV6D-5,mTRAJ9,2
ASPRYAQGLT,mTRAV13D-1,mTRAJ26,2
ASNYNQGKLI,mTRAV7D-2,mTRAJ23,2
ASERRGFASALT,mTRAV13D-1,mTRAJ35,2
ARGEGTNAYKVI,mTRAV9D-4,mTRAJ30,2
AQRGRGNYKPT,mTRAV14-3,mTRAJ6,2
AQGGGSSGNKLI,mTRAV9D-3,mTRAJ32,2
APYNVGDNSKLI,mTRAV7D-2,mTRAJ38,2
APRNNNNAPR,mTRAV12D-3,mTRAJ43,2
APQRDSNYQLI,mTRAV14D-3/DV8,mTRAJ33,2
APPASSGSWQLI,mTRAV14-1,mTRAJ22,2
APHNNAGAKLT,mTRAV6D-5,mTRAJ39,2
APGEDSNAYKVI,mTRAV9D-4,mTRAJ30,2
APEDYGTYQR,mTRAV7D-4,mTRAJ13,2
APEDSGTYQR,mTRAV7-6,mTRAJ13,2
APDSNTNKVV,mTRAV9D-4,mTRAJ34,2
APAYYGNEKIT,mTRAV6D-4,mTRAJ48,2
AMTTGLNTGGSNAKLT,mTRAV13-4/DV7,mTRAJ42,2
AMTPYQGGRALI,mTRAV6D-5,mTRAJ15,2
AMTKGLNSGGSNAKLT,mTRAV13-1,mTRAJ42,2
AMRLPNGNYQLI,mTRAV6D-3,mTRAJ33,2
AMRGLNTGNYKYV,mTRAV16D/DV11,mTRAJ40,2
AMREPSSNTNKVV,mTRAV16D/DV11,mTRAJ34,2
AMREANTGYQNFY,mTRAV16D/DV11,mTRAJ49,2
AMRDYTNTGKLT,mTRAV6-7/DV9,mTRAJ27,2
AMRDPGAGNKLT,mTRAV6D-3,mTRAJ17,2
AMRAYNTGNYKYV,mTRAV16D/DV11,mTRAJ40,2
AMQRNQGGSAKLI,mTRAV13D-2,mTRAJ57,2
AMPTSGGNYKPT,mTRAV13-4/DV7,mTRAJ6,2
AMPSHDTNAYKVI,mTRAV13D-4,mTRAJ30,2
AMGSGGYKVV,mTRAV9D-4,mTRAJ12,2
AMGRVTGYQNFY,mTRAV13D-3,mTRAJ49,2
AMGHMGYKLT,mTRAV13-4/DV7,mTRAJ9,2
AMGHMGYKLT,mTRAV13-1,mTRAJ9,2
AMGDTGYQNFY,mTRAV13-1,mTRAJ49,2
AMERRYGSSGNKLI,mTRAV13-4/DV7,mTRAJ32,2
AMERRTGGYKVV,mTRAV13-1,mTRAJ12,2
AMEPIYNQGKLI,mTRAV13-4/DV7,mTRAJ23,2
AMEGGGNEKIT,mTRAV13D-4,mTRAJ48,2
AMDPNNAGAKLT,mTRAV13D-4,mTRAJ39,2
AMAPYQGGRALI,mTRAV6D-3,mTRAJ15,2
ALWRNNNAPR,mTRAV6-7/DV9,mTRAJ43,2
ALWELNSGGSNAKLT,mTRAV15-1/DV6-1,mTRAJ42,2
ALWELEYNQGKLI,mTRAV15-1/DV6-1,mTRAJ23,2
ALVSITGGNNKLT,mTRAV6D-6,mTRAJ56,2
ALVMTNSAGNKLT,mTRAV9D-3,mTRAJ17,2
ALTTNYNVLY,mTRAV9D-3,mTRAJ21,2
ALTPNYNVLY,mTRAV9D-1,mTRAJ21,2
ALTGYGSSGNKLI,mTRAV9D-4,mTRAJ32,2
ALSYSGTYQR,mTRAV13D-4,mTRAJ13,2
ALSWYNVGDNSKLI,mTRAV12D-3,mTRAJ38,2
ALSTAFNYQLI,mTRAV9D-3,mTRAJ33,2
ALSRNTNTGKLT,mTRAV9D-3,mTRAJ27,2
ALSREGSNAKLT,mTRAV6-7/DV9,mTRAJ42,2
ALSPTNYNVLY,mTRAV6D-6,mTRAJ21,2
ALSPSPSGSWQLI,mTRAV6-7/DV9,mTRAJ22,2
ALSPSPSGSWQLI,mTRAV12D-1,mTRAJ22,2
ALSPRERGSNYKLT,mTRAV6D-5,mTRAJ53,2
ALSPNNNNAPR,mTRAV12D-1,mTRAJ43,2
ALSPKERGSNYKLT,mTRAV6-7/DV9,mTRAJ53,2
ALSNPSASKVV,mTRAV9D-3,mTRAJ34,2
ALSNNRIF,mTRAV6D-6,mTRAJ31,2
ALSMSAGYQNFY,mTRAV9D-3,mTRAJ49,2
ALSMPQVVGQLT,mTRAV9D-3,mTRAJ5,2
ALSMGTNTGKLT,mTRAV9D-3,mTRAJ27,2
ALSLYQGGSAKLI,mTRAV12D-1,mTRAJ57,2
ALSLTGGNNKLT,mTRAV6D-6,mTRAJ56,2
ALSLTGGNNKLT,mTRAV6D-5,mTRAJ56,2
ALSLGGNDNAPR,mTRAV6-7/DV9,mTRAJ43,2
ALSLGGKNNAPR,mTRAV6-7/DV9,mTRAJ43,2
ALSIIDMGYKLT,mTRAV9D-3,mTRAJ9,2
ALSHTAGNKLT,mTRAV9D-3,mTRAJ17,2
ALSHGSSGNKLI,mTRAV6-7/DV9,mTRAJ32,2
ALSGTGGYKVV,mTRAV12D-1,mTRAJ12,2
ALSGNTGNYKYV,mTRAV6D-5,mTRAJ40,2
ALSGGSSGNKLI,mTRAV6D-7,mTRAJ32,2
ALSGGRALI,mTRAV12D-3,mTRAJ15,2
ALSGAGNTGKLI,mTRAV6D-5,mTRAJ37,2
ALSERGGNTGKLI,mTRAV6-7/DV9,mTRAJ37,2
ALSEEGGNTGKLI,mTRAV6-7/DV9,mTRAJ37,2
ALSDYFAGNKLT,mTRAV6D-7,mTRAJ17,2
ALSDRNSAGNKLT,mTRAV12D-1,mTRAJ17,2
ALSDRGTNRIF,mTRAV6-7/DV9,mTRAJ31,2
ALSDQGNNNAPR,mTRAV6D-6,mTRAJ43,2
ALSDQGGRALI,mTRAV12-2,mTRAJ15,2
ALSDLKNYGSSGNKLI,mTRAV15D-2/DV6D-2,mTRAJ32,2
ALSDHGGSAKLI,mTRAV12D-1,mTRAJ57,2
ALSASGGSNAKLT,mTRAV12D-2,mTRAJ42,2
ALSARELSGSWQLI,mTRAV6-7/DV9,mTRAJ22,2
ALRTRELSGSWQLI,mTRAV6-7/DV9,mTRAJ22,2
ALRRVQQGTGSKLS,mTRAV6D-5,mTRAJ58,2
ALRRISSGGSNAKLT,mTRAV6-7/DV9,mTRAJ42,2
ALRRINSGGSNAKLT,mTRAV6D-6,mTRAJ42,2
ALRRIDSGGSNAKLT,mTRAV6-7/DV9,mTRAJ42,2
ALRRIDAGAKLT,mTRAV6-7/DV9,mTRAJ39,2
ALRPMTNSAGNKLT,mTRAV12D-2,mTRAJ17,2
ALRNTGANTGKLT,mTRAV12D-1,mTRAJ52,2
ALRMDSNYQLI,mTRAV6D-5,mTRAJ33,2
ALRKIDAGAKLT,mTRAV6D-5,mTRAJ39,2
ALRIINSGGSNAKLT,mTRAV6-7/DV9,mTRAJ42,2
ALRGNNNAPR,mTRAV12-2,mTRAJ43,2
ALREGTNAYKVI,mTRAV6D-6,mTRAJ30,2
ALRDSGGSNYKLT,mTRAV6D-5,mTRAJ53,2
ALPFSMSNYNVLY,mTRAV9D-1,mTRAJ21,2
ALNYNQGKLI,mTRAV13D-4,mTRAJ23,2
ALNRDTNTGKLT,mTRAV9D-3,mTRAJ27,2
ALMPNYNVLY,mTRAV6D-7,mTRAJ21,2
ALMATLNQGGSAKLI,mTRAV6-7/DV9,mTRAJ57,2
ALLFVIKLV,mTRAV13D-1,mTRAJ50,2
ALLFGSKLV,mTRAV13D-1,mTRAJ50,2
ALKKATGGNNKLT,mTRAV6D-5,mTRAJ56,2
ALKDQGGSAKLI,mTRAV9D-3,mTRAJ57,2
ALKDQGGSAKLI,mTRAV6D-5,mTRAJ57,2
ALITGNTGKLI,mTRAV13D-2,mTRAJ37,2
ALIPNSGGSNAKLT,mTRAV12D-3,mTRAJ42,2
ALIDRYYGNEKIT,mTRAV6-7/DV9,mTRAJ48,2
ALGWNTGNYKYV,mTRAV9D-4,mTRAJ40,2
ALGVTGNTGKLI,mTRAV6D-6,mTRAJ37,2
ALGVGDNAGAKLT,mTRAV6D-6,mTRAJ39,2
ALGTTFNYQLI,mTRAV9D-3,mTRAJ33,2
ALGTRGLSGSWQLI,mTRAV6-7/DV9,mTRAJ22,2
ALGTRELAGSWQLI,mTRAV6-7/DV9,mTRAJ22,2
ALGTGELSGSWQLI,mTRAV6-7/DV9,mTRAJ22,2
ALGRSSRGSNAKLT,mTRAV6D-6,mTRAJ42,2
ALGRINSGGSNAKLT,mTRAV6-7/DV9,mTRAJ42,2
ALGRDTNTGKLT,mTRAV9D-4,mTRAJ27,2
ALGPDGGQGGRALI,mTRAV6-7/DV9,mTRAJ15,2
ALGNWGGADRLT,mTRAV6-7/DV9,mTRAJ45,2
ALGLREYSGSWQLI,mTRAV6-7/DV9,mTRAJ22,2
ALGLREPSGSWQLI,mTRAV6-7/DV9,mTRAJ22,2
ALGIINMGYKLT,mTRAV9D-3,mTRAJ9,2
ALGHTGNYKYV,mTRAV6D-5,mTRAJ40,2
ALGGTGGYKVV,mTRAV9D-4,mTRAJ12,2
ALGGSTGYQNFY,mTRAV9D-3,mTRAJ49,2
ALGGDTGYQNFY,mTRAV9D-4,mTRAJ49,2
ALGGDNYAQGLT,mTRAV9D-4,mTRAJ26,2
ALGETGFASALT,mTRAV9D-3,mTRAJ35,2
ALGETGFASALT,mTRAV6D-5,mTRAJ35,2
ALGENYGSSGNKLI,mTRAV6-7/DV9,mTRAJ32,2
ALGDRGGSNAKLT,mTRAV6D-5,mTRAJ42,2
ALGDQPGNTGKLI,mTRAV6D-6,mTRAJ37,2
ALGDLPPGGNYKPT,mTRAV6-7/DV9,mTRAJ6,2
ALGDGGNTGKLI,mTRAV6D-6,mTRAJ37,2
ALGDGGNTGKLI,mTRAV6-7/DV9,mTRAJ37,2
ALGCATSSGQKLV,mTRAV6-7/DV9,mTRAJ16,2
ALGARKLSGSWQLI,mTRAV6D-5,mTRAJ22,2
ALGARGLSGSWQLI,mTRAV6D-5,mTRAJ22,2
ALGARELPGSWQLI,mTRAV6D-5,mTRAJ22,2
ALGARELCGSWQLI,mTRAV6-7/DV9,mTRAJ22,2
ALGAGDNAGAKLT,mTRAV6-7/DV9,mTRAJ39,2
ALETTASLGKLQ,mTRAV13D-2,mTRAJ24,2
ALERTNAYKVI,mTRAV13-2,mTRAJ30,2
ALERAYNQGKLI,mTRAV13-2,mTRAJ23,2
ALDTNTGKLT,mTRAV12D-3,mTRAJ27,2
ALDPNRLT,mTRAV13D-2,mTRAJ28,2
ALDLRESSGSWQLI,mTRAV6-7/DV9,mTRAJ22,2
ALDHRGYNQGKLI,mTRAV13-2,mTRAJ23,2
ALDGGSNAKLT,mTRAV6-7/DV9,mTRAJ42,2
ALDDLPSGGNYKPT,mTRAV6-7/DV9,mTRAJ6,2
ALCLGGNNNAPR,mTRAV6-7/DV9,mTRAJ43,2
ALAYCGNEKIT,mTRAV6D-4,mTRAJ48,2
ALAPNYNVLY,mTRAV9D-3,mTRAJ21,2
ALAKAPVNYKYV,mTRAV6D-5,mTRAJ40,2
ALAHYGNEKIT,mTRAV6D-4,mTRAJ48,2
ALAGGGSGNKLI,mTRAV9D-3,mTRAJ32,2
AITPNYGSSGNKLI,mTRAV3-1,mTRAJ32,2
AIRLAGNTGKLI,mTRAV6D-3,mTRAJ37,2
AIRDPSAGNKLT,mTRAV6D-3,mTRAJ17,2
AIPRPKVI,mTRAV13D-1,mTRAJ30,2
AIGPPPGNTGKLI,mTRAV13D-2,mTRAJ37,2
AIGLPGGSNAKLT,mTRAV13D-2,mTRAJ42,2
AIFSSGGNYKPT,mTRAV8D-2,mTRAJ6,2
AIDTVNTGNYKYV,mTRAV13D-3,mTRAJ40,2
AIDPPPGNTGKLI,mTRAV13D-4,mTRAJ37,2
AGRDNTNTGKLT,mTRAV7D-2,mTRAJ27,2
AGGGGTNAYKVI,mTRAV9D-4,mTRAJ30,2
AGGEVTNAYKVI,mTRAV9D-4,mTRAJ30,2
AGGEAGSSGNKLI,mTRAV9D-4,mTRAJ32,2
AGGANTGYQNFY,mTRAV9D-4,mTRAJ49,2
AFYDTNAYKVI,mTRAV13-2,mTRAJ30,2
AERRTNTNKVV,mTRAV6-7/DV9,mTRAJ34,2
AERRTDTNKVV,mTRAV9D-4,mTRAJ34,2
AEGSNTGYQNFY,mTRAV9D-4,mTRAJ49,2
ADLRGSALGRLH,mTRAV7D-4,mTRAJ18,2
ACRSSGGSNYKLT,mTRAV8D-2,mTRAJ53,2
ACQNSGGSNYKLT,mTRAV8D-2,mTRAJ53,2
AAYTTGGNNKLT,mTRAV19,mTRAJ56,2
AAVQTGYQNFY,mTRAV14-1,mTRAJ49,2
AAVQGNYKYV,mTRAV14D-3/DV8,mTRAJ40,2
AAVPGTGYQNFY,mTRAV14-3,mTRAJ49,2
AAVNNNNAPR,mTRAV5D-4,mTRAJ43,2
AAVLFSGSWQLI,mTRAV19,mTRAJ22,2
AAVASGTGSNRLT,mTRAV4D-3,mTRAJ28,2
AAVAKSPGNTGKLI,mTRAV4D-4,mTRAJ37,2
AATPNYGSSGNKLI,mTRAV3-1,mTRAJ32,2
AATGGGQGGSAKLI,mTRAV14D-3/DV8,mTRAJ57,2
AATGGGQGGSAKLI,mTRAV14-1,mTRAJ57,2
AASWTGNYKYV,mTRAV7-6,mTRAJ40,2
AASVVRSAGNKLT,mTRAV14D-3/DV8,mTRAJ17,2
AASVTHASSGSWQLI,mTRAV14-3,mTRAJ22,2
AASVPGYQNFY,mTRAV5D-4,mTRAJ49,2
AASVNVLY,mTRAV7D-2,mTRAJ21,2
AASVIGSSGNKLI,mTRAV14-1,mTRAJ32,2
AASTGANTGKLT,mTRAV4D-3,mTRAJ52,2
AASSSGSWQLI,mTRAV14D-3/DV8,mTRAJ22,2
AASSSGSWQLI,mTRAV14-1,mTRAJ22,2
AASSQGGSAKLI,mTRAV14-2,mTRAJ57,2
AASRVGSAGNKLT,mTRAV14D-3/DV8,mTRAJ17,2
AASRSTGNTGKLI,mTRAV10,mTRAJ37,2
AASRRNNNAPR,mTRAV7-6,mTRAJ43,2
AASRNTGNYKYV,mTRAV10,mTRAJ40,2
AASRHNTNTGKLT,mTRAV10,mTRAJ27,2
AASRHEKIT,mTRAV14-1,mTRAJ48,2
AASRGSSGNKLI,mTRAV7D-4,mTRAJ32,2
AASPKGKLI,mTRAV14-3,mTRAJ23,2
AASNTNTGKLT,mTRAV14-2,mTRAJ27,2
AASNNNAGAKLT,mTRAV7D-2,mTRAJ39,2
AASNDNTGKLT,mTRAV14D-3/DV8,mTRAJ27,2
AASMWSKVV,mTRAV7D-4,mTRAJ34,2
AASMWSKVV,mTRAV7-6,mTRAJ34,2
AASLSPGTGSNRLT,mTRAV10,mTRAJ28,2
AASITGNTGKLI,mTRAV14-3,mTRAJ37,2
AASIQGGRALI,mTRAV7-6,mTRAJ15,2
AASIDRGSALGRLH,mTRAV14D-3/DV8,mTRAJ18,2
AASGQSPGTGSNRLT,mTRAV14-1,mTRAJ28,2
AASGGSWQLI,mTRAV14-3,mTRAJ22,2
AASGGSWQLI,mTRAV14-2,mTRAJ22,2
AASGGQGGRALI,mTRAV7D-4,mTRAJ15,2
AASGGGANYGNEKIT,mTRAV14-3,mTRAJ48,2
AASGETTGGNNKLT,mTRAV14D-1,mTRAJ56,2
AASGATASLGKLQ,mTRAV7D-4,mTRAJ24,2
AASGANYNVLY,mTRAV14D-3/DV8,mTRAJ21,2
AASFGDAPR,mTRAV14-3,mTRAJ43,2
AASEPNYGNEKIT,mTRAV7D-4,mTRAJ48,2
AASEGATNTGKLT,mTRAV14D-3/DV8,mTRAJ27,2
AASEDTGANTGKLT,mTRAV7-6,mTRAJ52,2
AASDVSNYQLI,mTRAV14D-1,mTRAJ33,2
AASDVGGNEKIT,mTRAV14D-3/DV8,mTRAJ48,2
AASDTGGNEKIT,mTRAV14D-3/DV8,mTRAJ48,2
AASDTGGNEKIT,mTRAV14D-1,mTRAJ48,2
AASDTGGNEKIT,mTRAV14-2,mTRAJ48,2
AASDSAGNKLT,mTRAV7D-2,mTRAJ17,2
AASDRTTASLGKLQ,mTRAV9D-1,mTRAJ24,2
AASDLPGTGSNRLT,mTRAV4D-4,mTRAJ28,2
AASDGAQGLT,mTRAV5D-4,mTRAJ26,2
AASAVRMDSNYQLI,mTRAV14-3,mTRAJ33,2
AASATTGGGNNKLT,mTRAV14D-3/DV8,mTRAJ56,2
AASASSGSWQLI,mTRAV14D-3/DV8,mTRAJ22,2
AASAQGGRALI,mTRAV14D-3/DV8,mTRAJ15,2
AASALFNNAPR,mTRAV14-2,mTRAJ43,2
AASAGYNQGKLI,mTRAV14-1,mTRAJ23,2
AASAGNTGKLI,mTRAV14-3,mTRAJ37,2
AASAGGSNAKLT,mTRAV14D-3/DV8,mTRAJ42,2
AASAEFAGYQNFY,mTRAV14D-3/DV8,mTRAJ49,2
AASAAYGNEKIT,mTRAV14-3,mTRAJ48,2
AARVFYGSSGNKLI,mTRAV14-2,mTRAJ32,2
AARTGNSGGSNAKLT,mTRAV14-3,mTRAJ42,2
AARTGNSGGSNAKLT,mTRAV14-2,mTRAJ42,2
AARRRPSNTNKVV,mTRAV9D-4,mTRAJ34,2
AARRGTGNYKYV,mTRAV8D-2,mTRAJ40,2
AARRGDMGYKLT,mTRAV7D-4,mTRAJ9,2
AARPGNSGGSNAKLT,mTRAV14-2,mTRAJ42,2
AARMQQGTGSKLS,mTRAV14-3,mTRAJ58,2
AARMQQGTGSKLS,mTRAV14-2,mTRAJ58,2
AARGVGNEKIT,mTRAV5D-4,mTRAJ48,2
AARGTSSGQKLV,mTRAV14D-3/DV8,mTRAJ16,2
AARGSALGRLH,mTRAV7D-4,mTRAJ18,2
AARGSALGRLH,mTRAV7-6,mTRAJ18,2
AARGIWYYNQGKLI,mTRAV14D-1,mTRAJ23,2
AARGIWYYNQGKLI,mTRAV14-2,mTRAJ23,2
AARGASSGQKLV,mTRAV7D-2,mTRAJ16,2
AARFHPGNTGKLI,mTRAV7D-4,mTRAJ37,2
AARDSNYQLI,mTRAV14-1,mTRAJ33,2
AARDQGTGSKLS,mTRAV14-3,mTRAJ58,2
AAPRGSALGRLH,mTRAV7D-4,mTRAJ18,2
AAPFQLI,mTRAV14-1,mTRAJ33,2
AANTGGLSGKLT,mTRAV14D-3/DV8,mTRAJ2,2
AANNVNTGNYKYV,mTRAV10D,mTRAJ40,2
AANLYQGGRALI,mTRAV14-3,mTRAJ15,2
AAMDNNNAPR,mTRAV14-1,mTRAJ43,2
AALSNYNVLY,mTRAV14-3,mTRAJ21,2
AALSNYNVLY,mTRAV14-1,mTRAJ21,2
AALGGSWQLI,mTRAV4D-4,mTRAJ22,2
AAKVRSPGNTGKLI,mTRAV4D-4,mTRAJ37,2
AAKVIFPGNTGKLI,mTRAV4D-4,mTRAJ37,2
AAKVGNSGTYQR,mTRAV4D-4,mTRAJ13,2
AAKRESNYQLI,mTRAV10,mTRAJ33,2
AAKNYGSSGNKLI,mTRAV9D-4,mTRAJ32,2
AAKLGNSGGSNAKLT,mTRAV14-3,mTRAJ42,2
AAKIWPSGSWQLI,mTRAV7D-2,mTRAJ22,2
AAKIINSGGSNAKLT,mTRAV14-3,mTRAJ42,2
AAKGQEGGRALI,mTRAV7-6,mTRAJ15,2
AAKETNSGGSNAKLT,mTRAV14-2,mTRAJ42,2
AAKARVPGNTGKLI,mTRAV4D-4,mTRAJ37,2
AAKARDPGNTGKLI,mTRAV4D-4,mTRAJ37,2
AAITGNTGKLI,mTRAV14D-3/DV8,mTRAJ37,2
AAITGNTGKLI,mTRAV14-2,mTRAJ37,2
AAIQTGYQNFY,mTRAV14-3,mTRAJ49,2
AAIQQGGSAKLI,mTRAV14-1,mTRAJ57,2
AAIGSSGNKLI,mTRAV14D-3/DV8,mTRAJ32,2
AAIGSSGNKLI,mTRAV14-3,mTRAJ32,2
AAIGPGYQNFY,mTRAV14-1,mTRAJ49,2
AAHTGANTGKLT,mTRAV4D-4,mTRAJ52,2
AAHKGNYQLI,mTRAV14-2,mTRAJ33,2
AAHDSGYNKLT,mTRAV7D-4,mTRAJ11,2
AAGSGGSNAKLT,mTRAV14-1,mTRAJ42,2
AAGRGGFASALT,mTRAV5D-4,mTRAJ35,2
AAGGTGNYKYV,mTRAV14D-3/DV8,mTRAJ40,2
AAGGPGYQNFY,mTRAV14-3,mTRAJ49,2
AAGGASGGNYKPT,mTRAV14D-1,mTRAJ6,2
AAGARDPGNTGKLI,mTRAV4D-4,mTRAJ37,2
AAGALHHGNEKIT,mTRAV19,mTRAJ48,2
AAGAGHMGYKLT,mTRAV19,mTRAJ9,2
AAFTSGGNYKPT,mTRAV8D-1,mTRAJ6,2
AAFSMSNYNVLY,mTRAV4D-3,mTRAJ21,2
AAFGNNNAPR,mTRAV7D-2,mTRAJ43,2
AAEVTFPGNTGKLI,mTRAV4D-4,mTRAJ37,2
AAESRDPGNTGKLI,mTRAV4D-4,mTRAJ37,2
AAEMINSGGSNAKLT,mTRAV14D-3/DV8,mTRAJ42,2
AAEKRMPGNTGKLI,mTRAV4D-3,mTRAJ37,2
AAEGGSPDNTGKLI,mTRAV4D-4,mTRAJ37,2
AAEARKDYGNEKIT,mTRAV4D-4,mTRAJ48,2
AAEALSPGNTGKLI,mTRAV4D-4,mTRAJ37,2
AAEALRGKIT,mTRAV4D-4,mTRAJ48,2
AAEAGKDYGNEKIT,mTRAV4D-3,mTRAJ48,2
AADSNTNTGKLT,mTRAV14-2,mTRAJ27,2
AADPNTNTGKLT,mTRAV14-1,mTRAJ27,2
AADHNQGKLI,mTRAV14-2,mTRAJ23,2
AADGTGNTGKLI,mTRAV7D-4,mTRAJ37,2
AAANYAQGLT,mTRAV14D-3/DV8,mTRAJ26,2
